filename_or_source,source_doi_or_url,substrate,temp_C,RH_pct,aw,pH,initial_cfu_g,final_cfu_g,time_hours,growth_rate_per_hour,experiment_notes,measurement_method,sample_size,confidence_score,extracted_by,extracted_on
Baranyi2017_Table1 (model-derived),https://www.ncbi.nlm.nih.gov/pmc/articles/PMC5627028/ (Baranyi et al. 2017),laboratory medium / mixed (see source),3,,0.995,7,1000,,,0.004753965,Model-derived 關 using Ratkowsky parameters (strain=RIVM-BC120); use with care.,model-derived from published Ratkowsky params (Baranyi 2017),,0.75,web.run -> PMC (Baranyi et al. 2017),2025-09-07
Baranyi2017_Table1 (model-derived),https://www.ncbi.nlm.nih.gov/pmc/articles/PMC5627028/ (Baranyi et al. 2017),laboratory medium / mixed (see source),5,,0.995,7,1000,,,0.027805229,Model-derived 關 using Ratkowsky parameters (strain=RIVM-BC120); use with care.,model-derived from published Ratkowsky params (Baranyi 2017),,0.75,web.run -> PMC (Baranyi et al. 2017),2025-09-07
Baranyi2017_Table1 (model-derived),https://www.ncbi.nlm.nih.gov/pmc/articles/PMC5627028/ (Baranyi et al. 2017),laboratory medium / mixed (see source),7,,0.995,7,1000,,,0.069986173,Model-derived 關 using Ratkowsky parameters (strain=RIVM-BC120); use with care.,model-derived from published Ratkowsky params (Baranyi 2017),,0.75,web.run -> PMC (Baranyi et al. 2017),2025-09-07
Baranyi2017_Table1 (model-derived),https://www.ncbi.nlm.nih.gov/pmc/articles/PMC5627028/ (Baranyi et al. 2017),laboratory medium / mixed (see source),9,,0.995,7,1000,,,0.131296798,Model-derived 關 using Ratkowsky parameters (strain=RIVM-BC120); use with care.,model-derived from published Ratkowsky params (Baranyi 2017),,0.75,web.run -> PMC (Baranyi et al. 2017),2025-09-07
Baranyi2017_Table1 (model-derived),https://www.ncbi.nlm.nih.gov/pmc/articles/PMC5627028/ (Baranyi et al. 2017),laboratory medium / mixed (see source),11,,0.995,7,1000,,,0.211737102,Model-derived 關 using Ratkowsky parameters (strain=RIVM-BC120); use with care.,model-derived from published Ratkowsky params (Baranyi 2017),,0.75,web.run -> PMC (Baranyi et al. 2017),2025-09-07
Baranyi2017_Table1 (model-derived),https://www.ncbi.nlm.nih.gov/pmc/articles/PMC5627028/ (Baranyi et al. 2017),laboratory medium / mixed (see source),13,,0.995,7,1000,,,0.311307087,Model-derived 關 using Ratkowsky parameters (strain=RIVM-BC120); use with care.,model-derived from published Ratkowsky params (Baranyi 2017),,0.75,web.run -> PMC (Baranyi et al. 2017),2025-09-07
Baranyi2017_Table1 (model-derived),https://www.ncbi.nlm.nih.gov/pmc/articles/PMC5627028/ (Baranyi et al. 2017),laboratory medium / mixed (see source),15,,0.995,7,1000,,,0.430006751,Model-derived 關 using Ratkowsky parameters (strain=RIVM-BC120); use with care.,model-derived from published Ratkowsky params (Baranyi 2017),,0.75,web.run -> PMC (Baranyi et al. 2017),2025-09-07
Baranyi2017_Table1 (model-derived),https://www.ncbi.nlm.nih.gov/pmc/articles/PMC5627028/ (Baranyi et al. 2017),laboratory medium / mixed (see source),17,,0.995,7,1000,,,0.567836095,Model-derived 關 using Ratkowsky parameters (strain=RIVM-BC120); use with care.,model-derived from published Ratkowsky params (Baranyi 2017),,0.75,web.run -> PMC (Baranyi et al. 2017),2025-09-07
Baranyi2017_Table1 (model-derived),https://www.ncbi.nlm.nih.gov/pmc/articles/PMC5627028/ (Baranyi et al. 2017),laboratory medium / mixed (see source),19,,0.995,7,1000,,,0.72479512,Model-derived 關 using Ratkowsky parameters (strain=RIVM-BC120); use with care.,model-derived from published Ratkowsky params (Baranyi 2017),,0.75,web.run -> PMC (Baranyi et al. 2017),2025-09-07
Baranyi2017_Table1 (model-derived),https://www.ncbi.nlm.nih.gov/pmc/articles/PMC5627028/ (Baranyi et al. 2017),laboratory medium / mixed (see source),21,,0.995,7,1000,,,0.900883824,Model-derived 關 using Ratkowsky parameters (strain=RIVM-BC120); use with care.,model-derived from published Ratkowsky params (Baranyi 2017),,0.75,web.run -> PMC (Baranyi et al. 2017),2025-09-07
Baranyi2017_Table1 (model-derived),https://www.ncbi.nlm.nih.gov/pmc/articles/PMC5627028/ (Baranyi et al. 2017),laboratory medium / mixed (see source),23,,0.995,7,1000,,,1.096102209,Model-derived 關 using Ratkowsky parameters (strain=RIVM-BC120); use with care.,model-derived from published Ratkowsky params (Baranyi 2017),,0.75,web.run -> PMC (Baranyi et al. 2017),2025-09-07
Baranyi2017_Table1 (model-derived),https://www.ncbi.nlm.nih.gov/pmc/articles/PMC5627028/ (Baranyi et al. 2017),laboratory medium / mixed (see source),25,,0.995,7,1000,,,1.310450273,Model-derived 關 using Ratkowsky parameters (strain=RIVM-BC120); use with care.,model-derived from published Ratkowsky params (Baranyi 2017),,0.75,web.run -> PMC (Baranyi et al. 2017),2025-09-07
Baranyi2017_Table1 (model-derived),https://www.ncbi.nlm.nih.gov/pmc/articles/PMC5627028/ (Baranyi et al. 2017),laboratory medium / mixed (see source),27,,0.995,7,1000,,,1.543928017,Model-derived 關 using Ratkowsky parameters (strain=RIVM-BC120); use with care.,model-derived from published Ratkowsky params (Baranyi 2017),,0.75,web.run -> PMC (Baranyi et al. 2017),2025-09-07
Baranyi2017_Table1 (model-derived),https://www.ncbi.nlm.nih.gov/pmc/articles/PMC5627028/ (Baranyi et al. 2017),laboratory medium / mixed (see source),29,,0.995,7,1000,,,1.796535442,Model-derived 關 using Ratkowsky parameters (strain=RIVM-BC120); use with care.,model-derived from published Ratkowsky params (Baranyi 2017),,0.75,web.run -> PMC (Baranyi et al. 2017),2025-09-07
Baranyi2017_Table1 (model-derived),https://www.ncbi.nlm.nih.gov/pmc/articles/PMC5627028/ (Baranyi et al. 2017),laboratory medium / mixed (see source),31,,0.995,7,1000,,,2.068272546,Model-derived 關 using Ratkowsky parameters (strain=RIVM-BC120); use with care.,model-derived from published Ratkowsky params (Baranyi 2017),,0.75,web.run -> PMC (Baranyi et al. 2017),2025-09-07
Baranyi2017_Table1 (model-derived),https://www.ncbi.nlm.nih.gov/pmc/articles/PMC5627028/ (Baranyi et al. 2017),laboratory medium / mixed (see source),33,,0.995,7,1000,,,2.359139331,Model-derived 關 using Ratkowsky parameters (strain=RIVM-BC120); use with care.,model-derived from published Ratkowsky params (Baranyi 2017),,0.75,web.run -> PMC (Baranyi et al. 2017),2025-09-07
Baranyi2017_Table1 (model-derived),https://www.ncbi.nlm.nih.gov/pmc/articles/PMC5627028/ (Baranyi et al. 2017),laboratory medium / mixed (see source),35,,0.995,7,1000,,,2.669135795,Model-derived 關 using Ratkowsky parameters (strain=RIVM-BC120); use with care.,model-derived from published Ratkowsky params (Baranyi 2017),,0.75,web.run -> PMC (Baranyi et al. 2017),2025-09-07
Baranyi2017_Table1 (model-derived),https://www.ncbi.nlm.nih.gov/pmc/articles/PMC5627028/ (Baranyi et al. 2017),laboratory medium / mixed (see source),6,,0.995,7,1000,,,0.009808129,Model-derived 關 using Ratkowsky parameters (strain=NVH-0860-01); use with care.,model-derived from published Ratkowsky params (Baranyi 2017),,0.75,web.run -> PMC (Baranyi et al. 2017),2025-09-07
Baranyi2017_Table1 (model-derived),https://www.ncbi.nlm.nih.gov/pmc/articles/PMC5627028/ (Baranyi et al. 2017),laboratory medium / mixed (see source),8,,0.995,7,1000,,,0.041549115,Model-derived 關 using Ratkowsky parameters (strain=NVH-0860-01); use with care.,model-derived from published Ratkowsky params (Baranyi 2017),,0.75,web.run -> PMC (Baranyi et al. 2017),2025-09-07
Baranyi2017_Table1 (model-derived),https://www.ncbi.nlm.nih.gov/pmc/articles/PMC5627028/ (Baranyi et al. 2017),laboratory medium / mixed (see source),10,,0.995,7,1000,,,0.09525618,Model-derived 關 using Ratkowsky parameters (strain=NVH-0860-01); use with care.,model-derived from published Ratkowsky params (Baranyi 2017),,0.75,web.run -> PMC (Baranyi et al. 2017),2025-09-07
Baranyi2017_Table1 (model-derived),https://www.ncbi.nlm.nih.gov/pmc/articles/PMC5627028/ (Baranyi et al. 2017),laboratory medium / mixed (see source),12,,0.995,7,1000,,,0.170929326,Model-derived 關 using Ratkowsky parameters (strain=NVH-0860-01); use with care.,model-derived from published Ratkowsky params (Baranyi 2017),,0.75,web.run -> PMC (Baranyi et al. 2017),2025-09-07
Baranyi2017_Table1 (model-derived),https://www.ncbi.nlm.nih.gov/pmc/articles/PMC5627028/ (Baranyi et al. 2017),laboratory medium / mixed (see source),14,,0.995,7,1000,,,0.268568552,Model-derived 關 using Ratkowsky parameters (strain=NVH-0860-01); use with care.,model-derived from published Ratkowsky params (Baranyi 2017),,0.75,web.run -> PMC (Baranyi et al. 2017),2025-09-07
Baranyi2017_Table1 (model-derived),https://www.ncbi.nlm.nih.gov/pmc/articles/PMC5627028/ (Baranyi et al. 2017),laboratory medium / mixed (see source),16,,0.995,7,1000,,,0.388173857,Model-derived 關 using Ratkowsky parameters (strain=NVH-0860-01); use with care.,model-derived from published Ratkowsky params (Baranyi 2017),,0.75,web.run -> PMC (Baranyi et al. 2017),2025-09-07
Baranyi2017_Table1 (model-derived),https://www.ncbi.nlm.nih.gov/pmc/articles/PMC5627028/ (Baranyi et al. 2017),laboratory medium / mixed (see source),18,,0.995,7,1000,,,0.529745243,Model-derived 關 using Ratkowsky parameters (strain=NVH-0860-01); use with care.,model-derived from published Ratkowsky params (Baranyi 2017),,0.75,web.run -> PMC (Baranyi et al. 2017),2025-09-07
Baranyi2017_Table1 (model-derived),https://www.ncbi.nlm.nih.gov/pmc/articles/PMC5627028/ (Baranyi et al. 2017),laboratory medium / mixed (see source),20,,0.995,7,1000,,,0.693282708,Model-derived 關 using Ratkowsky parameters (strain=NVH-0860-01); use with care.,model-derived from published Ratkowsky params (Baranyi 2017),,0.75,web.run -> PMC (Baranyi et al. 2017),2025-09-07
Baranyi2017_Table1 (model-derived),https://www.ncbi.nlm.nih.gov/pmc/articles/PMC5627028/ (Baranyi et al. 2017),laboratory medium / mixed (see source),22,,0.995,7,1000,,,0.878786254,Model-derived 關 using Ratkowsky parameters (strain=NVH-0860-01); use with care.,model-derived from published Ratkowsky params (Baranyi 2017),,0.75,web.run -> PMC (Baranyi et al. 2017),2025-09-07
Baranyi2017_Table1 (model-derived),https://www.ncbi.nlm.nih.gov/pmc/articles/PMC5627028/ (Baranyi et al. 2017),laboratory medium / mixed (see source),24,,0.995,7,1000,,,1.08625588,Model-derived 關 using Ratkowsky parameters (strain=NVH-0860-01); use with care.,model-derived from published Ratkowsky params (Baranyi 2017),,0.75,web.run -> PMC (Baranyi et al. 2017),2025-09-07
Baranyi2017_Table1 (model-derived),https://www.ncbi.nlm.nih.gov/pmc/articles/PMC5627028/ (Baranyi et al. 2017),laboratory medium / mixed (see source),26,,0.995,7,1000,,,1.315691585,Model-derived 關 using Ratkowsky parameters (strain=NVH-0860-01); use with care.,model-derived from published Ratkowsky params (Baranyi 2017),,0.75,web.run -> PMC (Baranyi et al. 2017),2025-09-07
Baranyi2017_Table1 (model-derived),https://www.ncbi.nlm.nih.gov/pmc/articles/PMC5627028/ (Baranyi et al. 2017),laboratory medium / mixed (see source),28,,0.995,7,1000,,,1.567093371,Model-derived 關 using Ratkowsky parameters (strain=NVH-0860-01); use with care.,model-derived from published Ratkowsky params (Baranyi 2017),,0.75,web.run -> PMC (Baranyi et al. 2017),2025-09-07
Baranyi2017_Table1 (model-derived),https://www.ncbi.nlm.nih.gov/pmc/articles/PMC5627028/ (Baranyi et al. 2017),laboratory medium / mixed (see source),30,,0.995,7,1000,,,1.840461236,Model-derived 關 using Ratkowsky parameters (strain=NVH-0860-01); use with care.,model-derived from published Ratkowsky params (Baranyi 2017),,0.75,web.run -> PMC (Baranyi et al. 2017),2025-09-07
Baranyi2017_Table1 (model-derived),https://www.ncbi.nlm.nih.gov/pmc/articles/PMC5627028/ (Baranyi et al. 2017),laboratory medium / mixed (see source),32,,0.995,7,1000,,,2.135795182,Model-derived 關 using Ratkowsky parameters (strain=NVH-0860-01); use with care.,model-derived from published Ratkowsky params (Baranyi 2017),,0.75,web.run -> PMC (Baranyi et al. 2017),2025-09-07
Baranyi2017_Table1 (model-derived),https://www.ncbi.nlm.nih.gov/pmc/articles/PMC5627028/ (Baranyi et al. 2017),laboratory medium / mixed (see source),8,,0.995,7,1000,,,0.004631075,Model-derived 關 using Ratkowsky parameters (strain=F4810/72); use with care.,model-derived from published Ratkowsky params (Baranyi 2017),,0.75,web.run -> PMC (Baranyi et al. 2017),2025-09-07
Baranyi2017_Table1 (model-derived),https://www.ncbi.nlm.nih.gov/pmc/articles/PMC5627028/ (Baranyi et al. 2017),laboratory medium / mixed (see source),10,,0.995,7,1000,,,0.038593388,Model-derived 關 using Ratkowsky parameters (strain=F4810/72); use with care.,model-derived from published Ratkowsky params (Baranyi 2017),,0.75,web.run -> PMC (Baranyi et al. 2017),2025-09-07
Baranyi2017_Table1 (model-derived),https://www.ncbi.nlm.nih.gov/pmc/articles/PMC5627028/ (Baranyi et al. 2017),laboratory medium / mixed (see source),12,,0.995,7,1000,,,0.105528822,Model-derived 關 using Ratkowsky parameters (strain=F4810/72); use with care.,model-derived from published Ratkowsky params (Baranyi 2017),,0.75,web.run -> PMC (Baranyi et al. 2017),2025-09-07
Baranyi2017_Table1 (model-derived),https://www.ncbi.nlm.nih.gov/pmc/articles/PMC5627028/ (Baranyi et al. 2017),laboratory medium / mixed (see source),14,,0.995,7,1000,,,0.205437376,Model-derived 關 using Ratkowsky parameters (strain=F4810/72); use with care.,model-derived from published Ratkowsky params (Baranyi 2017),,0.75,web.run -> PMC (Baranyi et al. 2017),2025-09-07
Baranyi2017_Table1 (model-derived),https://www.ncbi.nlm.nih.gov/pmc/articles/PMC5627028/ (Baranyi et al. 2017),laboratory medium / mixed (see source),16,,0.995,7,1000,,,0.338319049,Model-derived 關 using Ratkowsky parameters (strain=F4810/72); use with care.,model-derived from published Ratkowsky params (Baranyi 2017),,0.75,web.run -> PMC (Baranyi et al. 2017),2025-09-07
Baranyi2017_Table1 (model-derived),https://www.ncbi.nlm.nih.gov/pmc/articles/PMC5627028/ (Baranyi et al. 2017),laboratory medium / mixed (see source),18,,0.995,7,1000,,,0.504173843,Model-derived 關 using Ratkowsky parameters (strain=F4810/72); use with care.,model-derived from published Ratkowsky params (Baranyi 2017),,0.75,web.run -> PMC (Baranyi et al. 2017),2025-09-07
Baranyi2017_Table1 (model-derived),https://www.ncbi.nlm.nih.gov/pmc/articles/PMC5627028/ (Baranyi et al. 2017),laboratory medium / mixed (see source),20,,0.995,7,1000,,,0.703001756,Model-derived 關 using Ratkowsky parameters (strain=F4810/72); use with care.,model-derived from published Ratkowsky params (Baranyi 2017),,0.75,web.run -> PMC (Baranyi et al. 2017),2025-09-07
Baranyi2017_Table1 (model-derived),https://www.ncbi.nlm.nih.gov/pmc/articles/PMC5627028/ (Baranyi et al. 2017),laboratory medium / mixed (see source),22,,0.995,7,1000,,,0.93480279,Model-derived 關 using Ratkowsky parameters (strain=F4810/72); use with care.,model-derived from published Ratkowsky params (Baranyi 2017),,0.75,web.run -> PMC (Baranyi et al. 2017),2025-09-07
Baranyi2017_Table1 (model-derived),https://www.ncbi.nlm.nih.gov/pmc/articles/PMC5627028/ (Baranyi et al. 2017),laboratory medium / mixed (see source),24,,0.995,7,1000,,,1.199576944,Model-derived 關 using Ratkowsky parameters (strain=F4810/72); use with care.,model-derived from published Ratkowsky params (Baranyi 2017),,0.75,web.run -> PMC (Baranyi et al. 2017),2025-09-07
Baranyi2017_Table1 (model-derived),https://www.ncbi.nlm.nih.gov/pmc/articles/PMC5627028/ (Baranyi et al. 2017),laboratory medium / mixed (see source),26,,0.995,7,1000,,,1.497324217,Model-derived 關 using Ratkowsky parameters (strain=F4810/72); use with care.,model-derived from published Ratkowsky params (Baranyi 2017),,0.75,web.run -> PMC (Baranyi et al. 2017),2025-09-07
Baranyi2017_Table1 (model-derived),https://www.ncbi.nlm.nih.gov/pmc/articles/PMC5627028/ (Baranyi et al. 2017),laboratory medium / mixed (see source),28,,0.995,7,1000,,,1.828044611,Model-derived 關 using Ratkowsky parameters (strain=F4810/72); use with care.,model-derived from published Ratkowsky params (Baranyi 2017),,0.75,web.run -> PMC (Baranyi et al. 2017),2025-09-07
Baranyi2017_Table1 (model-derived),https://www.ncbi.nlm.nih.gov/pmc/articles/PMC5627028/ (Baranyi et al. 2017),laboratory medium / mixed (see source),30,,0.995,7,1000,,,2.191738124,Model-derived 關 using Ratkowsky parameters (strain=F4810/72); use with care.,model-derived from published Ratkowsky params (Baranyi 2017),,0.75,web.run -> PMC (Baranyi et al. 2017),2025-09-07
Baranyi2017_Table1 (model-derived),https://www.ncbi.nlm.nih.gov/pmc/articles/PMC5627028/ (Baranyi et al. 2017),laboratory medium / mixed (see source),32,,0.995,7,1000,,,2.588404758,Model-derived 關 using Ratkowsky parameters (strain=F4810/72); use with care.,model-derived from published Ratkowsky params (Baranyi 2017),,0.75,web.run -> PMC (Baranyi et al. 2017),2025-09-07
Baranyi2017_Table1 (model-derived),https://www.ncbi.nlm.nih.gov/pmc/articles/PMC5627028/ (Baranyi et al. 2017),laboratory medium / mixed (see source),34,,0.995,7,1000,,,3.018044512,Model-derived 關 using Ratkowsky parameters (strain=F4810/72); use with care.,model-derived from published Ratkowsky params (Baranyi 2017),,0.75,web.run -> PMC (Baranyi et al. 2017),2025-09-07
Baranyi2017_Table1 (model-derived),https://www.ncbi.nlm.nih.gov/pmc/articles/PMC5627028/ (Baranyi et al. 2017),laboratory medium / mixed (see source),36,,0.995,7,1000,,,3.480657385,Model-derived 關 using Ratkowsky parameters (strain=F4810/72); use with care.,model-derived from published Ratkowsky params (Baranyi 2017),,0.75,web.run -> PMC (Baranyi et al. 2017),2025-09-07
Baranyi2017_Table1 (model-derived),https://www.ncbi.nlm.nih.gov/pmc/articles/PMC5627028/ (Baranyi et al. 2017),laboratory medium / mixed (see source),38,,0.995,7,1000,,,3.976243379,Model-derived 關 using Ratkowsky parameters (strain=F4810/72); use with care.,model-derived from published Ratkowsky params (Baranyi 2017),,0.75,web.run -> PMC (Baranyi et al. 2017),2025-09-07
Baranyi2017_Table1 (model-derived),https://www.ncbi.nlm.nih.gov/pmc/articles/PMC5627028/ (Baranyi et al. 2017),laboratory medium / mixed (see source),8,,0.995,7,1000,,,0.004441023,Model-derived 關 using Ratkowsky parameters (strain=F837/76); use with care.,model-derived from published Ratkowsky params (Baranyi 2017),,0.75,web.run -> PMC (Baranyi et al. 2017),2025-09-07
Baranyi2017_Table1 (model-derived),https://www.ncbi.nlm.nih.gov/pmc/articles/PMC5627028/ (Baranyi et al. 2017),laboratory medium / mixed (see source),10,,0.995,7,1000,,,0.038432074,Model-derived 關 using Ratkowsky parameters (strain=F837/76); use with care.,model-derived from published Ratkowsky params (Baranyi 2017),,0.75,web.run -> PMC (Baranyi et al. 2017),2025-09-07
Baranyi2017_Table1 (model-derived),https://www.ncbi.nlm.nih.gov/pmc/articles/PMC5627028/ (Baranyi et al. 2017),laboratory medium / mixed (see source),12,,0.995,7,1000,,,0.105911844,Model-derived 關 using Ratkowsky parameters (strain=F837/76); use with care.,model-derived from published Ratkowsky params (Baranyi 2017),,0.75,web.run -> PMC (Baranyi et al. 2017),2025-09-07
Baranyi2017_Table1 (model-derived),https://www.ncbi.nlm.nih.gov/pmc/articles/PMC5627028/ (Baranyi et al. 2017),laboratory medium / mixed (see source),14,,0.995,7,1000,,,0.206880335,Model-derived 關 using Ratkowsky parameters (strain=F837/76); use with care.,model-derived from published Ratkowsky params (Baranyi 2017),,0.75,web.run -> PMC (Baranyi et al. 2017),2025-09-07
Baranyi2017_Table1 (model-derived),https://www.ncbi.nlm.nih.gov/pmc/articles/PMC5627028/ (Baranyi et al. 2017),laboratory medium / mixed (see source),16,,0.995,7,1000,,,0.341337546,Model-derived 關 using Ratkowsky parameters (strain=F837/76); use with care.,model-derived from published Ratkowsky params (Baranyi 2017),,0.75,web.run -> PMC (Baranyi et al. 2017),2025-09-07
Baranyi2017_Table1 (model-derived),https://www.ncbi.nlm.nih.gov/pmc/articles/PMC5627028/ (Baranyi et al. 2017),laboratory medium / mixed (see source),18,,0.995,7,1000,,,0.509283477,Model-derived 關 using Ratkowsky parameters (strain=F837/76); use with care.,model-derived from published Ratkowsky params (Baranyi 2017),,0.75,web.run -> PMC (Baranyi et al. 2017),2025-09-07
Baranyi2017_Table1 (model-derived),https://www.ncbi.nlm.nih.gov/pmc/articles/PMC5627028/ (Baranyi et al. 2017),laboratory medium / mixed (see source),20,,0.995,7,1000,,,0.710718128,Model-derived 關 using Ratkowsky parameters (strain=F837/76); use with care.,model-derived from published Ratkowsky params (Baranyi 2017),,0.75,web.run -> PMC (Baranyi et al. 2017),2025-09-07
Baranyi2017_Table1 (model-derived),https://www.ncbi.nlm.nih.gov/pmc/articles/PMC5627028/ (Baranyi et al. 2017),laboratory medium / mixed (see source),22,,0.995,7,1000,,,0.945641498,Model-derived 關 using Ratkowsky parameters (strain=F837/76); use with care.,model-derived from published Ratkowsky params (Baranyi 2017),,0.75,web.run -> PMC (Baranyi et al. 2017),2025-09-07
Baranyi2017_Table1 (model-derived),https://www.ncbi.nlm.nih.gov/pmc/articles/PMC5627028/ (Baranyi et al. 2017),laboratory medium / mixed (see source),24,,0.995,7,1000,,,1.214053589,Model-derived 關 using Ratkowsky parameters (strain=F837/76); use with care.,model-derived from published Ratkowsky params (Baranyi 2017),,0.75,web.run -> PMC (Baranyi et al. 2017),2025-09-07
Baranyi2017_Table1 (model-derived),https://www.ncbi.nlm.nih.gov/pmc/articles/PMC5627028/ (Baranyi et al. 2017),laboratory medium / mixed (see source),26,,0.995,7,1000,,,1.5159544,Model-derived 關 using Ratkowsky parameters (strain=F837/76); use with care.,model-derived from published Ratkowsky params (Baranyi 2017),,0.75,web.run -> PMC (Baranyi et al. 2017),2025-09-07
Baranyi2017_Table1 (model-derived),https://www.ncbi.nlm.nih.gov/pmc/articles/PMC5627028/ (Baranyi et al. 2017),laboratory medium / mixed (see source),28,,0.995,7,1000,,,1.851343931,Model-derived 關 using Ratkowsky parameters (strain=F837/76); use with care.,model-derived from published Ratkowsky params (Baranyi 2017),,0.75,web.run -> PMC (Baranyi et al. 2017),2025-09-07
Baranyi2017_Table1 (model-derived),https://www.ncbi.nlm.nih.gov/pmc/articles/PMC5627028/ (Baranyi et al. 2017),laboratory medium / mixed (see source),30,,0.995,7,1000,,,2.220222182,Model-derived 關 using Ratkowsky parameters (strain=F837/76); use with care.,model-derived from published Ratkowsky params (Baranyi 2017),,0.75,web.run -> PMC (Baranyi et al. 2017),2025-09-07
Baranyi2017_Table1 (model-derived),https://www.ncbi.nlm.nih.gov/pmc/articles/PMC5627028/ (Baranyi et al. 2017),laboratory medium / mixed (see source),32,,0.995,7,1000,,,2.622589152,Model-derived 關 using Ratkowsky parameters (strain=F837/76); use with care.,model-derived from published Ratkowsky params (Baranyi 2017),,0.75,web.run -> PMC (Baranyi et al. 2017),2025-09-07
Baranyi2017_Table1 (model-derived),https://www.ncbi.nlm.nih.gov/pmc/articles/PMC5627028/ (Baranyi et al. 2017),laboratory medium / mixed (see source),34,,0.995,7,1000,,,3.058444843,Model-derived 關 using Ratkowsky parameters (strain=F837/76); use with care.,model-derived from published Ratkowsky params (Baranyi 2017),,0.75,web.run -> PMC (Baranyi et al. 2017),2025-09-07
Baranyi2017_Table1 (model-derived),https://www.ncbi.nlm.nih.gov/pmc/articles/PMC5627028/ (Baranyi et al. 2017),laboratory medium / mixed (see source),36,,0.995,7,1000,,,3.527789254,Model-derived 關 using Ratkowsky parameters (strain=F837/76); use with care.,model-derived from published Ratkowsky params (Baranyi 2017),,0.75,web.run -> PMC (Baranyi et al. 2017),2025-09-07
Baranyi2017_Table1 (model-derived),https://www.ncbi.nlm.nih.gov/pmc/articles/PMC5627028/ (Baranyi et al. 2017),laboratory medium / mixed (see source),38,,0.995,7,1000,,,4.030622385,Model-derived 關 using Ratkowsky parameters (strain=F837/76); use with care.,model-derived from published Ratkowsky params (Baranyi 2017),,0.75,web.run -> PMC (Baranyi et al. 2017),2025-09-07
Baranyi2017_Table1 (model-derived),https://www.ncbi.nlm.nih.gov/pmc/articles/PMC5627028/ (Baranyi et al. 2017),laboratory medium / mixed (see source),9,,0.995,7,1000,,,0.004501739,Model-derived 關 using Ratkowsky parameters (strain=F4430/73); use with care.,model-derived from published Ratkowsky params (Baranyi 2017),,0.75,web.run -> PMC (Baranyi et al. 2017),2025-09-07
Baranyi2017_Table1 (model-derived),https://www.ncbi.nlm.nih.gov/pmc/articles/PMC5627028/ (Baranyi et al. 2017),laboratory medium / mixed (see source),11,,0.995,7,1000,,,0.037984061,Model-derived 關 using Ratkowsky parameters (strain=F4430/73); use with care.,model-derived from published Ratkowsky params (Baranyi 2017),,0.75,web.run -> PMC (Baranyi et al. 2017),2025-09-07
Baranyi2017_Table1 (model-derived),https://www.ncbi.nlm.nih.gov/pmc/articles/PMC5627028/ (Baranyi et al. 2017),laboratory medium / mixed (see source),13,,0.995,7,1000,,,0.104132063,Model-derived 關 using Ratkowsky parameters (strain=F4430/73); use with care.,model-derived from published Ratkowsky params (Baranyi 2017),,0.75,web.run -> PMC (Baranyi et al. 2017),2025-09-07
Baranyi2017_Table1 (model-derived),https://www.ncbi.nlm.nih.gov/pmc/articles/PMC5627028/ (Baranyi et al. 2017),laboratory medium / mixed (see source),15,,0.995,7,1000,,,0.202945745,Model-derived 關 using Ratkowsky parameters (strain=F4430/73); use with care.,model-derived from published Ratkowsky params (Baranyi 2017),,0.75,web.run -> PMC (Baranyi et al. 2017),2025-09-07
Baranyi2017_Table1 (model-derived),https://www.ncbi.nlm.nih.gov/pmc/articles/PMC5627028/ (Baranyi et al. 2017),laboratory medium / mixed (see source),17,,0.995,7,1000,,,0.334425107,Model-derived 關 using Ratkowsky parameters (strain=F4430/73); use with care.,model-derived from published Ratkowsky params (Baranyi 2017),,0.75,web.run -> PMC (Baranyi et al. 2017),2025-09-07
Baranyi2017_Table1 (model-derived),https://www.ncbi.nlm.nih.gov/pmc/articles/PMC5627028/ (Baranyi et al. 2017),laboratory medium / mixed (see source),19,,0.995,7,1000,,,0.498570149,Model-derived 關 using Ratkowsky parameters (strain=F4430/73); use with care.,model-derived from published Ratkowsky params (Baranyi 2017),,0.75,web.run -> PMC (Baranyi et al. 2017),2025-09-07
Baranyi2017_Table1 (model-derived),https://www.ncbi.nlm.nih.gov/pmc/articles/PMC5627028/ (Baranyi et al. 2017),laboratory medium / mixed (see source),21,,0.995,7,1000,,,0.695380871,Model-derived 關 using Ratkowsky parameters (strain=F4430/73); use with care.,model-derived from published Ratkowsky params (Baranyi 2017),,0.75,web.run -> PMC (Baranyi et al. 2017),2025-09-07
Baranyi2017_Table1 (model-derived),https://www.ncbi.nlm.nih.gov/pmc/articles/PMC5627028/ (Baranyi et al. 2017),laboratory medium / mixed (see source),23,,0.995,7,1000,,,0.924857273,Model-derived 關 using Ratkowsky parameters (strain=F4430/73); use with care.,model-derived from published Ratkowsky params (Baranyi 2017),,0.75,web.run -> PMC (Baranyi et al. 2017),2025-09-07
Baranyi2017_Table1 (model-derived),https://www.ncbi.nlm.nih.gov/pmc/articles/PMC5627028/ (Baranyi et al. 2017),laboratory medium / mixed (see source),25,,0.995,7,1000,,,1.186999355,Model-derived 關 using Ratkowsky parameters (strain=F4430/73); use with care.,model-derived from published Ratkowsky params (Baranyi 2017),,0.75,web.run -> PMC (Baranyi et al. 2017),2025-09-07
Baranyi2017_Table1 (model-derived),https://www.ncbi.nlm.nih.gov/pmc/articles/PMC5627028/ (Baranyi et al. 2017),laboratory medium / mixed (see source),27,,0.995,7,1000,,,1.481807117,Model-derived 關 using Ratkowsky parameters (strain=F4430/73); use with care.,model-derived from published Ratkowsky params (Baranyi 2017),,0.75,web.run -> PMC (Baranyi et al. 2017),2025-09-07
Baranyi2017_Table1 (model-derived),https://www.ncbi.nlm.nih.gov/pmc/articles/PMC5627028/ (Baranyi et al. 2017),laboratory medium / mixed (see source),29,,0.995,7,1000,,,1.809280559,Model-derived 關 using Ratkowsky parameters (strain=F4430/73); use with care.,model-derived from published Ratkowsky params (Baranyi 2017),,0.75,web.run -> PMC (Baranyi et al. 2017),2025-09-07
Baranyi2017_Table1 (model-derived),https://www.ncbi.nlm.nih.gov/pmc/articles/PMC5627028/ (Baranyi et al. 2017),laboratory medium / mixed (see source),31,,0.995,7,1000,,,2.169419681,Model-derived 關 using Ratkowsky parameters (strain=F4430/73); use with care.,model-derived from published Ratkowsky params (Baranyi 2017),,0.75,web.run -> PMC (Baranyi et al. 2017),2025-09-07
Baranyi2017_Table1 (model-derived),https://www.ncbi.nlm.nih.gov/pmc/articles/PMC5627028/ (Baranyi et al. 2017),laboratory medium / mixed (see source),33,,0.995,7,1000,,,2.562224483,Model-derived 關 using Ratkowsky parameters (strain=F4430/73); use with care.,model-derived from published Ratkowsky params (Baranyi 2017),,0.75,web.run -> PMC (Baranyi et al. 2017),2025-09-07
Baranyi2017_Table1 (model-derived),https://www.ncbi.nlm.nih.gov/pmc/articles/PMC5627028/ (Baranyi et al. 2017),laboratory medium / mixed (see source),35,,0.995,7,1000,,,2.987694965,Model-derived 關 using Ratkowsky parameters (strain=F4430/73); use with care.,model-derived from published Ratkowsky params (Baranyi 2017),,0.75,web.run -> PMC (Baranyi et al. 2017),2025-09-07
Baranyi2017_Table1 (model-derived),https://www.ncbi.nlm.nih.gov/pmc/articles/PMC5627028/ (Baranyi et al. 2017),laboratory medium / mixed (see source),37,,0.995,7,1000,,,3.445831127,Model-derived 關 using Ratkowsky parameters (strain=F4430/73); use with care.,model-derived from published Ratkowsky params (Baranyi 2017),,0.75,web.run -> PMC (Baranyi et al. 2017),2025-09-07
Baranyi2017_Table1 (model-derived),https://www.ncbi.nlm.nih.gov/pmc/articles/PMC5627028/ (Baranyi et al. 2017),laboratory medium / mixed (see source),7,,0.995,7,1000,,,0.005013206,Model-derived 關 using Ratkowsky parameters (strain=ATCC-14579); use with care.,model-derived from published Ratkowsky params (Baranyi 2017),,0.75,web.run -> PMC (Baranyi et al. 2017),2025-09-07
Baranyi2017_Table1 (model-derived),https://www.ncbi.nlm.nih.gov/pmc/articles/PMC5627028/ (Baranyi et al. 2017),laboratory medium / mixed (see source),9,,0.995,7,1000,,,0.03422648,Model-derived 關 using Ratkowsky parameters (strain=ATCC-14579); use with care.,model-derived from published Ratkowsky params (Baranyi 2017),,0.75,web.run -> PMC (Baranyi et al. 2017),2025-09-07
Baranyi2017_Table1 (model-derived),https://www.ncbi.nlm.nih.gov/pmc/articles/PMC5627028/ (Baranyi et al. 2017),laboratory medium / mixed (see source),11,,0.995,7,1000,,,0.089523034,Model-derived 關 using Ratkowsky parameters (strain=ATCC-14579); use with care.,model-derived from published Ratkowsky params (Baranyi 2017),,0.75,web.run -> PMC (Baranyi et al. 2017),2025-09-07
Baranyi2017_Table1 (model-derived),https://www.ncbi.nlm.nih.gov/pmc/articles/PMC5627028/ (Baranyi et al. 2017),laboratory medium / mixed (see source),13,,0.995,7,1000,,,0.170902867,Model-derived 關 using Ratkowsky parameters (strain=ATCC-14579); use with care.,model-derived from published Ratkowsky params (Baranyi 2017),,0.75,web.run -> PMC (Baranyi et al. 2017),2025-09-07
Baranyi2017_Table1 (model-derived),https://www.ncbi.nlm.nih.gov/pmc/articles/PMC5627028/ (Baranyi et al. 2017),laboratory medium / mixed (see source),15,,0.995,7,1000,,,0.278365981,Model-derived 關 using Ratkowsky parameters (strain=ATCC-14579); use with care.,model-derived from published Ratkowsky params (Baranyi 2017),,0.75,web.run -> PMC (Baranyi et al. 2017),2025-09-07
Baranyi2017_Table1 (model-derived),https://www.ncbi.nlm.nih.gov/pmc/articles/PMC5627028/ (Baranyi et al. 2017),laboratory medium / mixed (see source),17,,0.995,7,1000,,,0.411912374,Model-derived 關 using Ratkowsky parameters (strain=ATCC-14579); use with care.,model-derived from published Ratkowsky params (Baranyi 2017),,0.75,web.run -> PMC (Baranyi et al. 2017),2025-09-07
Baranyi2017_Table1 (model-derived),https://www.ncbi.nlm.nih.gov/pmc/articles/PMC5627028/ (Baranyi et al. 2017),laboratory medium / mixed (see source),19,,0.995,7,1000,,,0.571542048,Model-derived 關 using Ratkowsky parameters (strain=ATCC-14579); use with care.,model-derived from published Ratkowsky params (Baranyi 2017),,0.75,web.run -> PMC (Baranyi et al. 2017),2025-09-07
Baranyi2017_Table1 (model-derived),https://www.ncbi.nlm.nih.gov/pmc/articles/PMC5627028/ (Baranyi et al. 2017),laboratory medium / mixed (see source),21,,0.995,7,1000,,,0.757255002,Model-derived 關 using Ratkowsky parameters (strain=ATCC-14579); use with care.,model-derived from published Ratkowsky params (Baranyi 2017),,0.75,web.run -> PMC (Baranyi et al. 2017),2025-09-07
Baranyi2017_Table1 (model-derived),https://www.ncbi.nlm.nih.gov/pmc/articles/PMC5627028/ (Baranyi et al. 2017),laboratory medium / mixed (see source),23,,0.995,7,1000,,,0.969051235,Model-derived 關 using Ratkowsky parameters (strain=ATCC-14579); use with care.,model-derived from published Ratkowsky params (Baranyi 2017),,0.75,web.run -> PMC (Baranyi et al. 2017),2025-09-07
Baranyi2017_Table1 (model-derived),https://www.ncbi.nlm.nih.gov/pmc/articles/PMC5627028/ (Baranyi et al. 2017),laboratory medium / mixed (see source),25,,0.995,7,1000,,,1.206930749,Model-derived 關 using Ratkowsky parameters (strain=ATCC-14579); use with care.,model-derived from published Ratkowsky params (Baranyi 2017),,0.75,web.run -> PMC (Baranyi et al. 2017),2025-09-07
Baranyi2017_Table1 (model-derived),https://www.ncbi.nlm.nih.gov/pmc/articles/PMC5627028/ (Baranyi et al. 2017),laboratory medium / mixed (see source),27,,0.995,7,1000,,,1.470893542,Model-derived 關 using Ratkowsky parameters (strain=ATCC-14579); use with care.,model-derived from published Ratkowsky params (Baranyi 2017),,0.75,web.run -> PMC (Baranyi et al. 2017),2025-09-07
Baranyi2017_Table1 (model-derived),https://www.ncbi.nlm.nih.gov/pmc/articles/PMC5627028/ (Baranyi et al. 2017),laboratory medium / mixed (see source),29,,0.995,7,1000,,,1.760939616,Model-derived 關 using Ratkowsky parameters (strain=ATCC-14579); use with care.,model-derived from published Ratkowsky params (Baranyi 2017),,0.75,web.run -> PMC (Baranyi et al. 2017),2025-09-07
Baranyi2017_Table1 (model-derived),https://www.ncbi.nlm.nih.gov/pmc/articles/PMC5627028/ (Baranyi et al. 2017),laboratory medium / mixed (see source),31,,0.995,7,1000,,,2.07706897,Model-derived 關 using Ratkowsky parameters (strain=ATCC-14579); use with care.,model-derived from published Ratkowsky params (Baranyi 2017),,0.75,web.run -> PMC (Baranyi et al. 2017),2025-09-07
Baranyi2017_Table1 (model-derived),https://www.ncbi.nlm.nih.gov/pmc/articles/PMC5627028/ (Baranyi et al. 2017),laboratory medium / mixed (see source),33,,0.995,7,1000,,,2.419281603,Model-derived 關 using Ratkowsky parameters (strain=ATCC-14579); use with care.,model-derived from published Ratkowsky params (Baranyi 2017),,0.75,web.run -> PMC (Baranyi et al. 2017),2025-09-07
Baranyi2017_Table1 (model-derived),https://www.ncbi.nlm.nih.gov/pmc/articles/PMC5627028/ (Baranyi et al. 2017),laboratory medium / mixed (see source),35,,0.995,7,1000,,,2.787577517,Model-derived 關 using Ratkowsky parameters (strain=ATCC-14579); use with care.,model-derived from published Ratkowsky params (Baranyi 2017),,0.75,web.run -> PMC (Baranyi et al. 2017),2025-09-07
Baranyi2017_Table1 (model-derived),https://www.ncbi.nlm.nih.gov/pmc/articles/PMC5627028/ (Baranyi et al. 2017),laboratory medium / mixed (see source),37,,0.995,7,1000,,,3.18195671,Model-derived 關 using Ratkowsky parameters (strain=ATCC-14579); use with care.,model-derived from published Ratkowsky params (Baranyi 2017),,0.75,web.run -> PMC (Baranyi et al. 2017),2025-09-07
Baranyi2017_Table1 (model-derived),https://www.ncbi.nlm.nih.gov/pmc/articles/PMC5627028/ (Baranyi et al. 2017),laboratory medium / mixed (see source),6,,0.995,7,1000,,,0.007109862,Model-derived 關 using Ratkowsky parameters (strain=F2769/77); use with care.,model-derived from published Ratkowsky params (Baranyi 2017),,0.75,web.run -> PMC (Baranyi et al. 2017),2025-09-07
Baranyi2017_Table1 (model-derived),https://www.ncbi.nlm.nih.gov/pmc/articles/PMC5627028/ (Baranyi et al. 2017),laboratory medium / mixed (see source),8,,0.995,7,1000,,,0.035993678,Model-derived 關 using Ratkowsky parameters (strain=F2769/77); use with care.,model-derived from published Ratkowsky params (Baranyi 2017),,0.75,web.run -> PMC (Baranyi et al. 2017),2025-09-07
Baranyi2017_Table1 (model-derived),https://www.ncbi.nlm.nih.gov/pmc/articles/PMC5627028/ (Baranyi et al. 2017),laboratory medium / mixed (see source),10,,0.995,7,1000,,,0.087095814,Model-derived 關 using Ratkowsky parameters (strain=F2769/77); use with care.,model-derived from published Ratkowsky params (Baranyi 2017),,0.75,web.run -> PMC (Baranyi et al. 2017),2025-09-07
Baranyi2017_Table1 (model-derived),https://www.ncbi.nlm.nih.gov/pmc/articles/PMC5627028/ (Baranyi et al. 2017),laboratory medium / mixed (see source),12,,0.995,7,1000,,,0.16041627,Model-derived 關 using Ratkowsky parameters (strain=F2769/77); use with care.,model-derived from published Ratkowsky params (Baranyi 2017),,0.75,web.run -> PMC (Baranyi et al. 2017),2025-09-07
Baranyi2017_Table1 (model-derived),https://www.ncbi.nlm.nih.gov/pmc/articles/PMC5627028/ (Baranyi et al. 2017),laboratory medium / mixed (see source),14,,0.995,7,1000,,,0.255955046,Model-derived 關 using Ratkowsky parameters (strain=F2769/77); use with care.,model-derived from published Ratkowsky params (Baranyi 2017),,0.75,web.run -> PMC (Baranyi et al. 2017),2025-09-07
Baranyi2017_Table1 (model-derived),https://www.ncbi.nlm.nih.gov/pmc/articles/PMC5627028/ (Baranyi et al. 2017),laboratory medium / mixed (see source),16,,0.995,7,1000,,,0.373712142,Model-derived 關 using Ratkowsky parameters (strain=F2769/77); use with care.,model-derived from published Ratkowsky params (Baranyi 2017),,0.75,web.run -> PMC (Baranyi et al. 2017),2025-09-07
Baranyi2017_Table1 (model-derived),https://www.ncbi.nlm.nih.gov/pmc/articles/PMC5627028/ (Baranyi et al. 2017),laboratory medium / mixed (see source),18,,0.995,7,1000,,,0.513687558,Model-derived 關 using Ratkowsky parameters (strain=F2769/77); use with care.,model-derived from published Ratkowsky params (Baranyi 2017),,0.75,web.run -> PMC (Baranyi et al. 2017),2025-09-07
Baranyi2017_Table1 (model-derived),https://www.ncbi.nlm.nih.gov/pmc/articles/PMC5627028/ (Baranyi et al. 2017),laboratory medium / mixed (see source),20,,0.995,7,1000,,,0.675881294,Model-derived 關 using Ratkowsky parameters (strain=F2769/77); use with care.,model-derived from published Ratkowsky params (Baranyi 2017),,0.75,web.run -> PMC (Baranyi et al. 2017),2025-09-07
Baranyi2017_Table1 (model-derived),https://www.ncbi.nlm.nih.gov/pmc/articles/PMC5627028/ (Baranyi et al. 2017),laboratory medium / mixed (see source),22,,0.995,7,1000,,,0.86029335,Model-derived 關 using Ratkowsky parameters (strain=F2769/77); use with care.,model-derived from published Ratkowsky params (Baranyi 2017),,0.75,web.run -> PMC (Baranyi et al. 2017),2025-09-07
Baranyi2017_Table1 (model-derived),https://www.ncbi.nlm.nih.gov/pmc/articles/PMC5627028/ (Baranyi et al. 2017),laboratory medium / mixed (see source),24,,0.995,7,1000,,,1.066923726,Model-derived 關 using Ratkowsky parameters (strain=F2769/77); use with care.,model-derived from published Ratkowsky params (Baranyi 2017),,0.75,web.run -> PMC (Baranyi et al. 2017),2025-09-07
Baranyi2017_Table1 (model-derived),https://www.ncbi.nlm.nih.gov/pmc/articles/PMC5627028/ (Baranyi et al. 2017),laboratory medium / mixed (see source),26,,0.995,7,1000,,,1.295772422,Model-derived 關 using Ratkowsky parameters (strain=F2769/77); use with care.,model-derived from published Ratkowsky params (Baranyi 2017),,0.75,web.run -> PMC (Baranyi et al. 2017),2025-09-07
Baranyi2017_Table1 (model-derived),https://www.ncbi.nlm.nih.gov/pmc/articles/PMC5627028/ (Baranyi et al. 2017),laboratory medium / mixed (see source),28,,0.995,7,1000,,,1.546839438,Model-derived 關 using Ratkowsky parameters (strain=F2769/77); use with care.,model-derived from published Ratkowsky params (Baranyi 2017),,0.75,web.run -> PMC (Baranyi et al. 2017),2025-09-07
Baranyi2017_Table1 (model-derived),https://www.ncbi.nlm.nih.gov/pmc/articles/PMC5627028/ (Baranyi et al. 2017),laboratory medium / mixed (see source),30,,0.995,7,1000,,,1.820124774,Model-derived 關 using Ratkowsky parameters (strain=F2769/77); use with care.,model-derived from published Ratkowsky params (Baranyi 2017),,0.75,web.run -> PMC (Baranyi et al. 2017),2025-09-07
Baranyi2017_Table1 (model-derived),https://www.ncbi.nlm.nih.gov/pmc/articles/PMC5627028/ (Baranyi et al. 2017),laboratory medium / mixed (see source),32,,0.995,7,1000,,,2.11562843,Model-derived 關 using Ratkowsky parameters (strain=F2769/77); use with care.,model-derived from published Ratkowsky params (Baranyi 2017),,0.75,web.run -> PMC (Baranyi et al. 2017),2025-09-07
Baranyi2017_Table1 (model-derived),https://www.ncbi.nlm.nih.gov/pmc/articles/PMC5627028/ (Baranyi et al. 2017),laboratory medium / mixed (see source),34,,0.995,7,1000,,,2.433350406,Model-derived 關 using Ratkowsky parameters (strain=F2769/77); use with care.,model-derived from published Ratkowsky params (Baranyi 2017),,0.75,web.run -> PMC (Baranyi et al. 2017),2025-09-07
Baranyi2017_Table1 (model-derived),https://www.ncbi.nlm.nih.gov/pmc/articles/PMC5627028/ (Baranyi et al. 2017),laboratory medium / mixed (see source),36,,0.995,7,1000,,,2.773290702,Model-derived 關 using Ratkowsky parameters (strain=F2769/77); use with care.,model-derived from published Ratkowsky params (Baranyi 2017),,0.75,web.run -> PMC (Baranyi et al. 2017),2025-09-07
Baranyi2017_Table1 (model-derived),https://www.ncbi.nlm.nih.gov/pmc/articles/PMC5627028/ (Baranyi et al. 2017),laboratory medium / mixed (see source),7,,0.995,7,1000,,,0.011110846,Model-derived 關 using Ratkowsky parameters (strain=NVH-141/1-01); use with care.,model-derived from published Ratkowsky params (Baranyi 2017),,0.75,web.run -> PMC (Baranyi et al. 2017),2025-09-07
Baranyi2017_Table1 (model-derived),https://www.ncbi.nlm.nih.gov/pmc/articles/PMC5627028/ (Baranyi et al. 2017),laboratory medium / mixed (see source),9,,0.995,7,1000,,,0.04866789,Model-derived 關 using Ratkowsky parameters (strain=NVH-141/1-01); use with care.,model-derived from published Ratkowsky params (Baranyi 2017),,0.75,web.run -> PMC (Baranyi et al. 2017),2025-09-07
Baranyi2017_Table1 (model-derived),https://www.ncbi.nlm.nih.gov/pmc/articles/PMC5627028/ (Baranyi et al. 2017),laboratory medium / mixed (see source),11,,0.995,7,1000,,,0.112767013,Model-derived 關 using Ratkowsky parameters (strain=NVH-141/1-01); use with care.,model-derived from published Ratkowsky params (Baranyi 2017),,0.75,web.run -> PMC (Baranyi et al. 2017),2025-09-07
Baranyi2017_Table1 (model-derived),https://www.ncbi.nlm.nih.gov/pmc/articles/PMC5627028/ (Baranyi et al. 2017),laboratory medium / mixed (see source),13,,0.995,7,1000,,,0.203408216,Model-derived 關 using Ratkowsky parameters (strain=NVH-141/1-01); use with care.,model-derived from published Ratkowsky params (Baranyi 2017),,0.75,web.run -> PMC (Baranyi et al. 2017),2025-09-07
Baranyi2017_Table1 (model-derived),https://www.ncbi.nlm.nih.gov/pmc/articles/PMC5627028/ (Baranyi et al. 2017),laboratory medium / mixed (see source),15,,0.995,7,1000,,,0.320591499,Model-derived 關 using Ratkowsky parameters (strain=NVH-141/1-01); use with care.,model-derived from published Ratkowsky params (Baranyi 2017),,0.75,web.run -> PMC (Baranyi et al. 2017),2025-09-07
Baranyi2017_Table1 (model-derived),https://www.ncbi.nlm.nih.gov/pmc/articles/PMC5627028/ (Baranyi et al. 2017),laboratory medium / mixed (see source),17,,0.995,7,1000,,,0.464316862,Model-derived 關 using Ratkowsky parameters (strain=NVH-141/1-01); use with care.,model-derived from published Ratkowsky params (Baranyi 2017),,0.75,web.run -> PMC (Baranyi et al. 2017),2025-09-07
Baranyi2017_Table1 (model-derived),https://www.ncbi.nlm.nih.gov/pmc/articles/PMC5627028/ (Baranyi et al. 2017),laboratory medium / mixed (see source),19,,0.995,7,1000,,,0.634584306,Model-derived 關 using Ratkowsky parameters (strain=NVH-141/1-01); use with care.,model-derived from published Ratkowsky params (Baranyi 2017),,0.75,web.run -> PMC (Baranyi et al. 2017),2025-09-07
Baranyi2017_Table1 (model-derived),https://www.ncbi.nlm.nih.gov/pmc/articles/PMC5627028/ (Baranyi et al. 2017),laboratory medium / mixed (see source),21,,0.995,7,1000,,,0.831393829,Model-derived 關 using Ratkowsky parameters (strain=NVH-141/1-01); use with care.,model-derived from published Ratkowsky params (Baranyi 2017),,0.75,web.run -> PMC (Baranyi et al. 2017),2025-09-07
Baranyi2017_Table1 (model-derived),https://www.ncbi.nlm.nih.gov/pmc/articles/PMC5627028/ (Baranyi et al. 2017),laboratory medium / mixed (see source),23,,0.995,7,1000,,,1.054745432,Model-derived 關 using Ratkowsky parameters (strain=NVH-141/1-01); use with care.,model-derived from published Ratkowsky params (Baranyi 2017),,0.75,web.run -> PMC (Baranyi et al. 2017),2025-09-07
Baranyi2017_Table1 (model-derived),https://www.ncbi.nlm.nih.gov/pmc/articles/PMC5627028/ (Baranyi et al. 2017),laboratory medium / mixed (see source),25,,0.995,7,1000,,,1.304639115,Model-derived 關 using Ratkowsky parameters (strain=NVH-141/1-01); use with care.,model-derived from published Ratkowsky params (Baranyi 2017),,0.75,web.run -> PMC (Baranyi et al. 2017),2025-09-07
Baranyi2017_Table1 (model-derived),https://www.ncbi.nlm.nih.gov/pmc/articles/PMC5627028/ (Baranyi et al. 2017),laboratory medium / mixed (see source),27,,0.995,7,1000,,,1.581074878,Model-derived 關 using Ratkowsky parameters (strain=NVH-141/1-01); use with care.,model-derived from published Ratkowsky params (Baranyi 2017),,0.75,web.run -> PMC (Baranyi et al. 2017),2025-09-07
Baranyi2017_Table1 (model-derived),https://www.ncbi.nlm.nih.gov/pmc/articles/PMC5627028/ (Baranyi et al. 2017),laboratory medium / mixed (see source),29,,0.995,7,1000,,,1.884052722,Model-derived 關 using Ratkowsky parameters (strain=NVH-141/1-01); use with care.,model-derived from published Ratkowsky params (Baranyi 2017),,0.75,web.run -> PMC (Baranyi et al. 2017),2025-09-07
Baranyi2017_Table1 (model-derived),https://www.ncbi.nlm.nih.gov/pmc/articles/PMC5627028/ (Baranyi et al. 2017),laboratory medium / mixed (see source),31,,0.995,7,1000,,,2.213572645,Model-derived 關 using Ratkowsky parameters (strain=NVH-141/1-01); use with care.,model-derived from published Ratkowsky params (Baranyi 2017),,0.75,web.run -> PMC (Baranyi et al. 2017),2025-09-07
Baranyi2017_Table1 (model-derived),https://www.ncbi.nlm.nih.gov/pmc/articles/PMC5627028/ (Baranyi et al. 2017),laboratory medium / mixed (see source),33,,0.995,7,1000,,,2.569634648,Model-derived 關 using Ratkowsky parameters (strain=NVH-141/1-01); use with care.,model-derived from published Ratkowsky params (Baranyi 2017),,0.75,web.run -> PMC (Baranyi et al. 2017),2025-09-07
Baranyi2017_Table1 (model-derived),https://www.ncbi.nlm.nih.gov/pmc/articles/PMC5627028/ (Baranyi et al. 2017),laboratory medium / mixed (see source),35,,0.995,7,1000,,,2.952238731,Model-derived 關 using Ratkowsky parameters (strain=NVH-141/1-01); use with care.,model-derived from published Ratkowsky params (Baranyi 2017),,0.75,web.run -> PMC (Baranyi et al. 2017),2025-09-07
Baranyi2017_Table1 (model-derived),https://www.ncbi.nlm.nih.gov/pmc/articles/PMC5627028/ (Baranyi et al. 2017),laboratory medium / mixed (see source),2,,0.995,7,1000,,,0.006247322,Model-derived 關 using Ratkowsky parameters (strain=KBA-B4); use with care.,model-derived from published Ratkowsky params (Baranyi 2017),,0.75,web.run -> PMC (Baranyi et al. 2017),2025-09-07
Baranyi2017_Table1 (model-derived),https://www.ncbi.nlm.nih.gov/pmc/articles/PMC5627028/ (Baranyi et al. 2017),laboratory medium / mixed (see source),4,,0.995,7,1000,,,0.026321818,Model-derived 關 using Ratkowsky parameters (strain=KBA-B4); use with care.,model-derived from published Ratkowsky params (Baranyi 2017),,0.75,web.run -> PMC (Baranyi et al. 2017),2025-09-07
Baranyi2017_Table1 (model-derived),https://www.ncbi.nlm.nih.gov/pmc/articles/PMC5627028/ (Baranyi et al. 2017),laboratory medium / mixed (see source),6,,0.995,7,1000,,,0.060240794,Model-derived 關 using Ratkowsky parameters (strain=KBA-B4); use with care.,model-derived from published Ratkowsky params (Baranyi 2017),,0.75,web.run -> PMC (Baranyi et al. 2017),2025-09-07
Baranyi2017_Table1 (model-derived),https://www.ncbi.nlm.nih.gov/pmc/articles/PMC5627028/ (Baranyi et al. 2017),laboratory medium / mixed (see source),8,,0.995,7,1000,,,0.10800425,Model-derived 關 using Ratkowsky parameters (strain=KBA-B4); use with care.,model-derived from published Ratkowsky params (Baranyi 2017),,0.75,web.run -> PMC (Baranyi et al. 2017),2025-09-07
Baranyi2017_Table1 (model-derived),https://www.ncbi.nlm.nih.gov/pmc/articles/PMC5627028/ (Baranyi et al. 2017),laboratory medium / mixed (see source),10,,0.995,7,1000,,,0.169612186,Model-derived 關 using Ratkowsky parameters (strain=KBA-B4); use with care.,model-derived from published Ratkowsky params (Baranyi 2017),,0.75,web.run -> PMC (Baranyi et al. 2017),2025-09-07
Baranyi2017_Table1 (model-derived),https://www.ncbi.nlm.nih.gov/pmc/articles/PMC5627028/ (Baranyi et al. 2017),laboratory medium / mixed (see source),12,,0.995,7,1000,,,0.245064602,Model-derived 關 using Ratkowsky parameters (strain=KBA-B4); use with care.,model-derived from published Ratkowsky params (Baranyi 2017),,0.75,web.run -> PMC (Baranyi et al. 2017),2025-09-07
Baranyi2017_Table1 (model-derived),https://www.ncbi.nlm.nih.gov/pmc/articles/PMC5627028/ (Baranyi et al. 2017),laboratory medium / mixed (see source),14,,0.995,7,1000,,,0.334361498,Model-derived 關 using Ratkowsky parameters (strain=KBA-B4); use with care.,model-derived from published Ratkowsky params (Baranyi 2017),,0.75,web.run -> PMC (Baranyi et al. 2017),2025-09-07
Baranyi2017_Table1 (model-derived),https://www.ncbi.nlm.nih.gov/pmc/articles/PMC5627028/ (Baranyi et al. 2017),laboratory medium / mixed (see source),16,,0.995,7,1000,,,0.437502874,Model-derived 關 using Ratkowsky parameters (strain=KBA-B4); use with care.,model-derived from published Ratkowsky params (Baranyi 2017),,0.75,web.run -> PMC (Baranyi et al. 2017),2025-09-07
Baranyi2017_Table1 (model-derived),https://www.ncbi.nlm.nih.gov/pmc/articles/PMC5627028/ (Baranyi et al. 2017),laboratory medium / mixed (see source),18,,0.995,7,1000,,,0.55448873,Model-derived 關 using Ratkowsky parameters (strain=KBA-B4); use with care.,model-derived from published Ratkowsky params (Baranyi 2017),,0.75,web.run -> PMC (Baranyi et al. 2017),2025-09-07
Baranyi2017_Table1 (model-derived),https://www.ncbi.nlm.nih.gov/pmc/articles/PMC5627028/ (Baranyi et al. 2017),laboratory medium / mixed (see source),20,,0.995,7,1000,,,0.685319066,Model-derived 關 using Ratkowsky parameters (strain=KBA-B4); use with care.,model-derived from published Ratkowsky params (Baranyi 2017),,0.75,web.run -> PMC (Baranyi et al. 2017),2025-09-07
Baranyi2017_Table1 (model-derived),https://www.ncbi.nlm.nih.gov/pmc/articles/PMC5627028/ (Baranyi et al. 2017),laboratory medium / mixed (see source),22,,0.995,7,1000,,,0.829993882,Model-derived 關 using Ratkowsky parameters (strain=KBA-B4); use with care.,model-derived from published Ratkowsky params (Baranyi 2017),,0.75,web.run -> PMC (Baranyi et al. 2017),2025-09-07
Baranyi2017_Table1 (model-derived),https://www.ncbi.nlm.nih.gov/pmc/articles/PMC5627028/ (Baranyi et al. 2017),laboratory medium / mixed (see source),24,,0.995,7,1000,,,0.988513178,Model-derived 關 using Ratkowsky parameters (strain=KBA-B4); use with care.,model-derived from published Ratkowsky params (Baranyi 2017),,0.75,web.run -> PMC (Baranyi et al. 2017),2025-09-07
Baranyi2017_Table1 (model-derived),https://www.ncbi.nlm.nih.gov/pmc/articles/PMC5627028/ (Baranyi et al. 2017),laboratory medium / mixed (see source),26,,0.995,7,1000,,,1.160876954,Model-derived 關 using Ratkowsky parameters (strain=KBA-B4); use with care.,model-derived from published Ratkowsky params (Baranyi 2017),,0.75,web.run -> PMC (Baranyi et al. 2017),2025-09-07
Baranyi2017_Table1 (model-derived),https://www.ncbi.nlm.nih.gov/pmc/articles/PMC5627028/ (Baranyi et al. 2017),laboratory medium / mixed (see source),28,,0.995,7,1000,,,1.34708521,Model-derived 關 using Ratkowsky parameters (strain=KBA-B4); use with care.,model-derived from published Ratkowsky params (Baranyi 2017),,0.75,web.run -> PMC (Baranyi et al. 2017),2025-09-07
Baranyi2017_Table1 (model-derived),https://www.ncbi.nlm.nih.gov/pmc/articles/PMC5627028/ (Baranyi et al. 2017),laboratory medium / mixed (see source),30,,0.995,7,1000,,,1.547137946,Model-derived 關 using Ratkowsky parameters (strain=KBA-B4); use with care.,model-derived from published Ratkowsky params (Baranyi 2017),,0.75,web.run -> PMC (Baranyi et al. 2017),2025-09-07
Baranyi2017_Table1 (model-derived),https://www.ncbi.nlm.nih.gov/pmc/articles/PMC5627028/ (Baranyi et al. 2017),laboratory medium / mixed (see source),5,,0.995,7,1000,,,0.003309701,Model-derived 關 using Ratkowsky parameters (strain=I-21); use with care.,model-derived from published Ratkowsky params (Baranyi 2017),,0.75,web.run -> PMC (Baranyi et al. 2017),2025-09-07
Baranyi2017_Table1 (model-derived),https://www.ncbi.nlm.nih.gov/pmc/articles/PMC5627028/ (Baranyi et al. 2017),laboratory medium / mixed (see source),7,,0.995,7,1000,,,0.026286137,Model-derived 關 using Ratkowsky parameters (strain=I-21); use with care.,model-derived from published Ratkowsky params (Baranyi 2017),,0.75,web.run -> PMC (Baranyi et al. 2017),2025-09-07
Baranyi2017_Table1 (model-derived),https://www.ncbi.nlm.nih.gov/pmc/articles/PMC5627028/ (Baranyi et al. 2017),laboratory medium / mixed (see source),9,,0.995,7,1000,,,0.071144893,Model-derived 關 using Ratkowsky parameters (strain=I-21); use with care.,model-derived from published Ratkowsky params (Baranyi 2017),,0.75,web.run -> PMC (Baranyi et al. 2017),2025-09-07
Baranyi2017_Table1 (model-derived),https://www.ncbi.nlm.nih.gov/pmc/articles/PMC5627028/ (Baranyi et al. 2017),laboratory medium / mixed (see source),11,,0.995,7,1000,,,0.137885969,Model-derived 關 using Ratkowsky parameters (strain=I-21); use with care.,model-derived from published Ratkowsky params (Baranyi 2017),,0.75,web.run -> PMC (Baranyi et al. 2017),2025-09-07
Baranyi2017_Table1 (model-derived),https://www.ncbi.nlm.nih.gov/pmc/articles/PMC5627028/ (Baranyi et al. 2017),laboratory medium / mixed (see source),13,,0.995,7,1000,,,0.226509365,Model-derived 關 using Ratkowsky parameters (strain=I-21); use with care.,model-derived from published Ratkowsky params (Baranyi 2017),,0.75,web.run -> PMC (Baranyi et al. 2017),2025-09-07
Baranyi2017_Table1 (model-derived),https://www.ncbi.nlm.nih.gov/pmc/articles/PMC5627028/ (Baranyi et al. 2017),laboratory medium / mixed (see source),15,,0.995,7,1000,,,0.337015081,Model-derived 關 using Ratkowsky parameters (strain=I-21); use with care.,model-derived from published Ratkowsky params (Baranyi 2017),,0.75,web.run -> PMC (Baranyi et al. 2017),2025-09-07
Baranyi2017_Table1 (model-derived),https://www.ncbi.nlm.nih.gov/pmc/articles/PMC5627028/ (Baranyi et al. 2017),laboratory medium / mixed (see source),17,,0.995,7,1000,,,0.469403117,Model-derived 關 using Ratkowsky parameters (strain=I-21); use with care.,model-derived from published Ratkowsky params (Baranyi 2017),,0.75,web.run -> PMC (Baranyi et al. 2017),2025-09-07
Baranyi2017_Table1 (model-derived),https://www.ncbi.nlm.nih.gov/pmc/articles/PMC5627028/ (Baranyi et al. 2017),laboratory medium / mixed (see source),19,,0.995,7,1000,,,0.623673473,Model-derived 關 using Ratkowsky parameters (strain=I-21); use with care.,model-derived from published Ratkowsky params (Baranyi 2017),,0.75,web.run -> PMC (Baranyi et al. 2017),2025-09-07
Baranyi2017_Table1 (model-derived),https://www.ncbi.nlm.nih.gov/pmc/articles/PMC5627028/ (Baranyi et al. 2017),laboratory medium / mixed (see source),21,,0.995,7,1000,,,0.799826149,Model-derived 關 using Ratkowsky parameters (strain=I-21); use with care.,model-derived from published Ratkowsky params (Baranyi 2017),,0.75,web.run -> PMC (Baranyi et al. 2017),2025-09-07
Baranyi2017_Table1 (model-derived),https://www.ncbi.nlm.nih.gov/pmc/articles/PMC5627028/ (Baranyi et al. 2017),laboratory medium / mixed (see source),23,,0.995,7,1000,,,0.997861145,Model-derived 關 using Ratkowsky parameters (strain=I-21); use with care.,model-derived from published Ratkowsky params (Baranyi 2017),,0.75,web.run -> PMC (Baranyi et al. 2017),2025-09-07
Baranyi2017_Table1 (model-derived),https://www.ncbi.nlm.nih.gov/pmc/articles/PMC5627028/ (Baranyi et al. 2017),laboratory medium / mixed (see source),25,,0.995,7,1000,,,1.217778461,Model-derived 關 using Ratkowsky parameters (strain=I-21); use with care.,model-derived from published Ratkowsky params (Baranyi 2017),,0.75,web.run -> PMC (Baranyi et al. 2017),2025-09-07
Baranyi2017_Table1 (model-derived),https://www.ncbi.nlm.nih.gov/pmc/articles/PMC5627028/ (Baranyi et al. 2017),laboratory medium / mixed (see source),27,,0.995,7,1000,,,1.459578097,Model-derived 關 using Ratkowsky parameters (strain=I-21); use with care.,model-derived from published Ratkowsky params (Baranyi 2017),,0.75,web.run -> PMC (Baranyi et al. 2017),2025-09-07
Baranyi2017_Table1 (model-derived),https://www.ncbi.nlm.nih.gov/pmc/articles/PMC5627028/ (Baranyi et al. 2017),laboratory medium / mixed (see source),29,,0.995,7,1000,,,1.723260053,Model-derived 關 using Ratkowsky parameters (strain=I-21); use with care.,model-derived from published Ratkowsky params (Baranyi 2017),,0.75,web.run -> PMC (Baranyi et al. 2017),2025-09-07
Baranyi2017_Table1 (model-derived),https://www.ncbi.nlm.nih.gov/pmc/articles/PMC5627028/ (Baranyi et al. 2017),laboratory medium / mixed (see source),31,,0.995,7,1000,,,2.008824329,Model-derived 關 using Ratkowsky parameters (strain=I-21); use with care.,model-derived from published Ratkowsky params (Baranyi 2017),,0.75,web.run -> PMC (Baranyi et al. 2017),2025-09-07
Baranyi2017_Table1 (model-derived),https://www.ncbi.nlm.nih.gov/pmc/articles/PMC5627028/ (Baranyi et al. 2017),laboratory medium / mixed (see source),14,,0.995,7,1000,,,0.00915849,Model-derived 關 using Ratkowsky parameters (strain=NVH-391/98); use with care.,model-derived from published Ratkowsky params (Baranyi 2017),,0.75,web.run -> PMC (Baranyi et al. 2017),2025-09-07
Baranyi2017_Table1 (model-derived),https://www.ncbi.nlm.nih.gov/pmc/articles/PMC5627028/ (Baranyi et al. 2017),laboratory medium / mixed (see source),16,,0.995,7,1000,,,0.07273809,Model-derived 關 using Ratkowsky parameters (strain=NVH-391/98); use with care.,model-derived from published Ratkowsky params (Baranyi 2017),,0.75,web.run -> PMC (Baranyi et al. 2017),2025-09-07
Baranyi2017_Table1 (model-derived),https://www.ncbi.nlm.nih.gov/pmc/articles/PMC5627028/ (Baranyi et al. 2017),laboratory medium / mixed (see source),18,,0.995,7,1000,,,0.19686969,Model-derived 關 using Ratkowsky parameters (strain=NVH-391/98); use with care.,model-derived from published Ratkowsky params (Baranyi 2017),,0.75,web.run -> PMC (Baranyi et al. 2017),2025-09-07
Baranyi2017_Table1 (model-derived),https://www.ncbi.nlm.nih.gov/pmc/articles/PMC5627028/ (Baranyi et al. 2017),laboratory medium / mixed (see source),20,,0.995,7,1000,,,0.38155329,Model-derived 關 using Ratkowsky parameters (strain=NVH-391/98); use with care.,model-derived from published Ratkowsky params (Baranyi 2017),,0.75,web.run -> PMC (Baranyi et al. 2017),2025-09-07
Baranyi2017_Table1 (model-derived),https://www.ncbi.nlm.nih.gov/pmc/articles/PMC5627028/ (Baranyi et al. 2017),laboratory medium / mixed (see source),22,,0.995,7,1000,,,0.62678889,Model-derived 關 using Ratkowsky parameters (strain=NVH-391/98); use with care.,model-derived from published Ratkowsky params (Baranyi 2017),,0.75,web.run -> PMC (Baranyi et al. 2017),2025-09-07
Baranyi2017_Table1 (model-derived),https://www.ncbi.nlm.nih.gov/pmc/articles/PMC5627028/ (Baranyi et al. 2017),laboratory medium / mixed (see source),24,,0.995,7,1000,,,0.93257649,Model-derived 關 using Ratkowsky parameters (strain=NVH-391/98); use with care.,model-derived from published Ratkowsky params (Baranyi 2017),,0.75,web.run -> PMC (Baranyi et al. 2017),2025-09-07
Baranyi2017_Table1 (model-derived),https://www.ncbi.nlm.nih.gov/pmc/articles/PMC5627028/ (Baranyi et al. 2017),laboratory medium / mixed (see source),26,,0.995,7,1000,,,1.29891609,Model-derived 關 using Ratkowsky parameters (strain=NVH-391/98); use with care.,model-derived from published Ratkowsky params (Baranyi 2017),,0.75,web.run -> PMC (Baranyi et al. 2017),2025-09-07
Baranyi2017_Table1 (model-derived),https://www.ncbi.nlm.nih.gov/pmc/articles/PMC5627028/ (Baranyi et al. 2017),laboratory medium / mixed (see source),28,,0.995,7,1000,,,1.72580769,Model-derived 關 using Ratkowsky parameters (strain=NVH-391/98); use with care.,model-derived from published Ratkowsky params (Baranyi 2017),,0.75,web.run -> PMC (Baranyi et al. 2017),2025-09-07
Baranyi2017_Table1 (model-derived),https://www.ncbi.nlm.nih.gov/pmc/articles/PMC5627028/ (Baranyi et al. 2017),laboratory medium / mixed (see source),30,,0.995,7,1000,,,2.21325129,Model-derived 關 using Ratkowsky parameters (strain=NVH-391/98); use with care.,model-derived from published Ratkowsky params (Baranyi 2017),,0.75,web.run -> PMC (Baranyi et al. 2017),2025-09-07
Baranyi2017_Table1 (model-derived),https://www.ncbi.nlm.nih.gov/pmc/articles/PMC5627028/ (Baranyi et al. 2017),laboratory medium / mixed (see source),32,,0.995,7,1000,,,2.76124689,Model-derived 關 using Ratkowsky parameters (strain=NVH-391/98); use with care.,model-derived from published Ratkowsky params (Baranyi 2017),,0.75,web.run -> PMC (Baranyi et al. 2017),2025-09-07
Baranyi2017_Table1 (model-derived),https://www.ncbi.nlm.nih.gov/pmc/articles/PMC5627028/ (Baranyi et al. 2017),laboratory medium / mixed (see source),34,,0.995,7,1000,,,3.36979449,Model-derived 關 using Ratkowsky parameters (strain=NVH-391/98); use with care.,model-derived from published Ratkowsky params (Baranyi 2017),,0.75,web.run -> PMC (Baranyi et al. 2017),2025-09-07
Baranyi2017_Table1 (model-derived),https://www.ncbi.nlm.nih.gov/pmc/articles/PMC5627028/ (Baranyi et al. 2017),laboratory medium / mixed (see source),36,,0.995,7,1000,,,4.03889409,Model-derived 關 using Ratkowsky parameters (strain=NVH-391/98); use with care.,model-derived from published Ratkowsky params (Baranyi 2017),,0.75,web.run -> PMC (Baranyi et al. 2017),2025-09-07
Baranyi2017_Table1 (model-derived),https://www.ncbi.nlm.nih.gov/pmc/articles/PMC5627028/ (Baranyi et al. 2017),laboratory medium / mixed (see source),38,,0.995,7,1000,,,4.76854569,Model-derived 關 using Ratkowsky parameters (strain=NVH-391/98); use with care.,model-derived from published Ratkowsky params (Baranyi 2017),,0.75,web.run -> PMC (Baranyi et al. 2017),2025-09-07
Baranyi2017_Table1 (model-derived),https://www.ncbi.nlm.nih.gov/pmc/articles/PMC5627028/ (Baranyi et al. 2017),laboratory medium / mixed (see source),40,,0.995,7,1000,,,5.55874929,Model-derived 關 using Ratkowsky parameters (strain=NVH-391/98); use with care.,model-derived from published Ratkowsky params (Baranyi 2017),,0.75,web.run -> PMC (Baranyi et al. 2017),2025-09-07
Baranyi2017_Table1 (model-derived),https://www.ncbi.nlm.nih.gov/pmc/articles/PMC5627028/ (Baranyi et al. 2017),laboratory medium / mixed (see source),42,,0.995,7,1000,,,6.40950489,Model-derived 關 using Ratkowsky parameters (strain=NVH-391/98); use with care.,model-derived from published Ratkowsky params (Baranyi 2017),,0.75,web.run -> PMC (Baranyi et al. 2017),2025-09-07
Baranyi2017_Table1 (model-derived),https://www.ncbi.nlm.nih.gov/pmc/articles/PMC5627028/ (Baranyi et al. 2017),laboratory medium / mixed (see source),19,,0.995,7,1000,,,0.034506778,Model-derived 關 using Ratkowsky parameters (strain=NVH-883/00); use with care.,model-derived from published Ratkowsky params (Baranyi 2017),,0.75,web.run -> PMC (Baranyi et al. 2017),2025-09-07
Baranyi2017_Table1 (model-derived),https://www.ncbi.nlm.nih.gov/pmc/articles/PMC5627028/ (Baranyi et al. 2017),laboratory medium / mixed (see source),21,,0.995,7,1000,,,0.161411098,Model-derived 關 using Ratkowsky parameters (strain=NVH-883/00); use with care.,model-derived from published Ratkowsky params (Baranyi 2017),,0.75,web.run -> PMC (Baranyi et al. 2017),2025-09-07
Baranyi2017_Table1 (model-derived),https://www.ncbi.nlm.nih.gov/pmc/articles/PMC5627028/ (Baranyi et al. 2017),laboratory medium / mixed (see source),23,,0.995,7,1000,,,0.381627418,Model-derived 關 using Ratkowsky parameters (strain=NVH-883/00); use with care.,model-derived from published Ratkowsky params (Baranyi 2017),,0.75,web.run -> PMC (Baranyi et al. 2017),2025-09-07
Baranyi2017_Table1 (model-derived),https://www.ncbi.nlm.nih.gov/pmc/articles/PMC5627028/ (Baranyi et al. 2017),laboratory medium / mixed (see source),25,,0.995,7,1000,,,0.695155738,Model-derived 關 using Ratkowsky parameters (strain=NVH-883/00); use with care.,model-derived from published Ratkowsky params (Baranyi 2017),,0.75,web.run -> PMC (Baranyi et al. 2017),2025-09-07
Baranyi2017_Table1 (model-derived),https://www.ncbi.nlm.nih.gov/pmc/articles/PMC5627028/ (Baranyi et al. 2017),laboratory medium / mixed (see source),27,,0.995,7,1000,,,1.101996058,Model-derived 關 using Ratkowsky parameters (strain=NVH-883/00); use with care.,model-derived from published Ratkowsky params (Baranyi 2017),,0.75,web.run -> PMC (Baranyi et al. 2017),2025-09-07
Baranyi2017_Table1 (model-derived),https://www.ncbi.nlm.nih.gov/pmc/articles/PMC5627028/ (Baranyi et al. 2017),laboratory medium / mixed (see source),29,,0.995,7,1000,,,1.602148378,Model-derived 關 using Ratkowsky parameters (strain=NVH-883/00); use with care.,model-derived from published Ratkowsky params (Baranyi 2017),,0.75,web.run -> PMC (Baranyi et al. 2017),2025-09-07
Baranyi2017_Table1 (model-derived),https://www.ncbi.nlm.nih.gov/pmc/articles/PMC5627028/ (Baranyi et al. 2017),laboratory medium / mixed (see source),31,,0.995,7,1000,,,2.195612698,Model-derived 關 using Ratkowsky parameters (strain=NVH-883/00); use with care.,model-derived from published Ratkowsky params (Baranyi 2017),,0.75,web.run -> PMC (Baranyi et al. 2017),2025-09-07
Baranyi2017_Table1 (model-derived),https://www.ncbi.nlm.nih.gov/pmc/articles/PMC5627028/ (Baranyi et al. 2017),laboratory medium / mixed (see source),33,,0.995,7,1000,,,2.882389018,Model-derived 關 using Ratkowsky parameters (strain=NVH-883/00); use with care.,model-derived from published Ratkowsky params (Baranyi 2017),,0.75,web.run -> PMC (Baranyi et al. 2017),2025-09-07
Baranyi2017_Table1 (model-derived),https://www.ncbi.nlm.nih.gov/pmc/articles/PMC5627028/ (Baranyi et al. 2017),laboratory medium / mixed (see source),35,,0.995,7,1000,,,3.662477338,Model-derived 關 using Ratkowsky parameters (strain=NVH-883/00); use with care.,model-derived from published Ratkowsky params (Baranyi 2017),,0.75,web.run -> PMC (Baranyi et al. 2017),2025-09-07
Baranyi2017_Table1 (model-derived),https://www.ncbi.nlm.nih.gov/pmc/articles/PMC5627028/ (Baranyi et al. 2017),laboratory medium / mixed (see source),37,,0.995,7,1000,,,4.535877658,Model-derived 關 using Ratkowsky parameters (strain=NVH-883/00); use with care.,model-derived from published Ratkowsky params (Baranyi 2017),,0.75,web.run -> PMC (Baranyi et al. 2017),2025-09-07
Baranyi2017_Table1 (model-derived),https://www.ncbi.nlm.nih.gov/pmc/articles/PMC5627028/ (Baranyi et al. 2017),laboratory medium / mixed (see source),39,,0.995,7,1000,,,5.502589978,Model-derived 關 using Ratkowsky parameters (strain=NVH-883/00); use with care.,model-derived from published Ratkowsky params (Baranyi 2017),,0.75,web.run -> PMC (Baranyi et al. 2017),2025-09-07
Ellouze2020_tables (model-derived),https://www.ncbi.nlm.nih.gov/pmc/articles/PMC7925994/ (Ellouze et al. 2020),BHI,10,,0.995,6.8,1000,,,0.014063588,Model-derived growth 關 using Ellouze et al. matrix b-values and T_min from BHI table.,model-derived (Ratkowsky; Ellouze 2020),,0.72,web.run -> PMC (Ellouze et al. 2020),2025-09-07
Ellouze2020_tables (model-derived),https://www.ncbi.nlm.nih.gov/pmc/articles/PMC7925994/ (Ellouze et al. 2020),BHI,12,,0.995,6.8,1000,,,0.055974828,Model-derived growth 關 using Ellouze et al. matrix b-values and T_min from BHI table.,model-derived (Ratkowsky; Ellouze 2020),,0.72,web.run -> PMC (Ellouze et al. 2020),2025-09-07
Ellouze2020_tables (model-derived),https://www.ncbi.nlm.nih.gov/pmc/articles/PMC7925994/ (Ellouze et al. 2020),BHI,14,,0.995,6.8,1000,,,0.125734068,Model-derived growth 關 using Ellouze et al. matrix b-values and T_min from BHI table.,model-derived (Ratkowsky; Ellouze 2020),,0.72,web.run -> PMC (Ellouze et al. 2020),2025-09-07
Ellouze2020_tables (model-derived),https://www.ncbi.nlm.nih.gov/pmc/articles/PMC7925994/ (Ellouze et al. 2020),BHI,16,,0.995,6.8,1000,,,0.223341308,Model-derived growth 關 using Ellouze et al. matrix b-values and T_min from BHI table.,model-derived (Ratkowsky; Ellouze 2020),,0.72,web.run -> PMC (Ellouze et al. 2020),2025-09-07
Ellouze2020_tables (model-derived),https://www.ncbi.nlm.nih.gov/pmc/articles/PMC7925994/ (Ellouze et al. 2020),BHI,18,,0.995,6.8,1000,,,0.348796548,Model-derived growth 關 using Ellouze et al. matrix b-values and T_min from BHI table.,model-derived (Ratkowsky; Ellouze 2020),,0.72,web.run -> PMC (Ellouze et al. 2020),2025-09-07
Ellouze2020_tables (model-derived),https://www.ncbi.nlm.nih.gov/pmc/articles/PMC7925994/ (Ellouze et al. 2020),BHI,20,,0.995,6.8,1000,,,0.502099788,Model-derived growth 關 using Ellouze et al. matrix b-values and T_min from BHI table.,model-derived (Ratkowsky; Ellouze 2020),,0.72,web.run -> PMC (Ellouze et al. 2020),2025-09-07
Ellouze2020_tables (model-derived),https://www.ncbi.nlm.nih.gov/pmc/articles/PMC7925994/ (Ellouze et al. 2020),BHI,22,,0.995,6.8,1000,,,0.683251028,Model-derived growth 關 using Ellouze et al. matrix b-values and T_min from BHI table.,model-derived (Ratkowsky; Ellouze 2020),,0.72,web.run -> PMC (Ellouze et al. 2020),2025-09-07
Ellouze2020_tables (model-derived),https://www.ncbi.nlm.nih.gov/pmc/articles/PMC7925994/ (Ellouze et al. 2020),BHI,24,,0.995,6.8,1000,,,0.892250268,Model-derived growth 關 using Ellouze et al. matrix b-values and T_min from BHI table.,model-derived (Ratkowsky; Ellouze 2020),,0.72,web.run -> PMC (Ellouze et al. 2020),2025-09-07
Ellouze2020_tables (model-derived),https://www.ncbi.nlm.nih.gov/pmc/articles/PMC7925994/ (Ellouze et al. 2020),BHI,26,,0.995,6.8,1000,,,1.129097508,Model-derived growth 關 using Ellouze et al. matrix b-values and T_min from BHI table.,model-derived (Ratkowsky; Ellouze 2020),,0.72,web.run -> PMC (Ellouze et al. 2020),2025-09-07
Ellouze2020_tables (model-derived),https://www.ncbi.nlm.nih.gov/pmc/articles/PMC7925994/ (Ellouze et al. 2020),BHI,28,,0.995,6.8,1000,,,1.393792748,Model-derived growth 關 using Ellouze et al. matrix b-values and T_min from BHI table.,model-derived (Ratkowsky; Ellouze 2020),,0.72,web.run -> PMC (Ellouze et al. 2020),2025-09-07
Ellouze2020_tables (model-derived),https://www.ncbi.nlm.nih.gov/pmc/articles/PMC7925994/ (Ellouze et al. 2020),BHI,30,,0.995,6.8,1000,,,1.686335988,Model-derived growth 關 using Ellouze et al. matrix b-values and T_min from BHI table.,model-derived (Ratkowsky; Ellouze 2020),,0.72,web.run -> PMC (Ellouze et al. 2020),2025-09-07
Ellouze2020_tables (model-derived),https://www.ncbi.nlm.nih.gov/pmc/articles/PMC7925994/ (Ellouze et al. 2020),BHI,32,,0.995,6.8,1000,,,2.006727228,Model-derived growth 關 using Ellouze et al. matrix b-values and T_min from BHI table.,model-derived (Ratkowsky; Ellouze 2020),,0.72,web.run -> PMC (Ellouze et al. 2020),2025-09-07
Ellouze2020_tables (model-derived),https://www.ncbi.nlm.nih.gov/pmc/articles/PMC7925994/ (Ellouze et al. 2020),BHI,34,,0.995,6.8,1000,,,2.354966468,Model-derived growth 關 using Ellouze et al. matrix b-values and T_min from BHI table.,model-derived (Ratkowsky; Ellouze 2020),,0.72,web.run -> PMC (Ellouze et al. 2020),2025-09-07
Ellouze2020_tables (model-derived),https://www.ncbi.nlm.nih.gov/pmc/articles/PMC7925994/ (Ellouze et al. 2020),BHI,36,,0.995,6.8,1000,,,2.731053708,Model-derived growth 關 using Ellouze et al. matrix b-values and T_min from BHI table.,model-derived (Ratkowsky; Ellouze 2020),,0.72,web.run -> PMC (Ellouze et al. 2020),2025-09-07
Ellouze2020_tables (model-derived),https://www.ncbi.nlm.nih.gov/pmc/articles/PMC7925994/ (Ellouze et al. 2020),BHI,38,,0.995,6.8,1000,,,3.134988948,Model-derived growth 關 using Ellouze et al. matrix b-values and T_min from BHI table.,model-derived (Ratkowsky; Ellouze 2020),,0.72,web.run -> PMC (Ellouze et al. 2020),2025-09-07
Ellouze2020_tables (model-derived),https://www.ncbi.nlm.nih.gov/pmc/articles/PMC7925994/ (Ellouze et al. 2020),BHI,40,,0.995,6.8,1000,,,3.566772188,Model-derived growth 關 using Ellouze et al. matrix b-values and T_min from BHI table.,model-derived (Ratkowsky; Ellouze 2020),,0.72,web.run -> PMC (Ellouze et al. 2020),2025-09-07
Ellouze2020_tables (model-derived),https://www.ncbi.nlm.nih.gov/pmc/articles/PMC7925994/ (Ellouze et al. 2020),Cereal-based,10,,0.98,6.2,1000,,,0.005833904,Model-derived growth 關 using Ellouze et al. matrix b-values and T_min from BHI table.,model-derived (Ratkowsky; Ellouze 2020),,0.72,web.run -> PMC (Ellouze et al. 2020),2025-09-07
Ellouze2020_tables (model-derived),https://www.ncbi.nlm.nih.gov/pmc/articles/PMC7925994/ (Ellouze et al. 2020),Cereal-based,12,,0.98,6.2,1000,,,0.023219664,Model-derived growth 關 using Ellouze et al. matrix b-values and T_min from BHI table.,model-derived (Ratkowsky; Ellouze 2020),,0.72,web.run -> PMC (Ellouze et al. 2020),2025-09-07
Ellouze2020_tables (model-derived),https://www.ncbi.nlm.nih.gov/pmc/articles/PMC7925994/ (Ellouze et al. 2020),Cereal-based,14,,0.98,6.2,1000,,,0.052157424,Model-derived growth 關 using Ellouze et al. matrix b-values and T_min from BHI table.,model-derived (Ratkowsky; Ellouze 2020),,0.72,web.run -> PMC (Ellouze et al. 2020),2025-09-07
Ellouze2020_tables (model-derived),https://www.ncbi.nlm.nih.gov/pmc/articles/PMC7925994/ (Ellouze et al. 2020),Cereal-based,16,,0.98,6.2,1000,,,0.092647184,Model-derived growth 關 using Ellouze et al. matrix b-values and T_min from BHI table.,model-derived (Ratkowsky; Ellouze 2020),,0.72,web.run -> PMC (Ellouze et al. 2020),2025-09-07
Ellouze2020_tables (model-derived),https://www.ncbi.nlm.nih.gov/pmc/articles/PMC7925994/ (Ellouze et al. 2020),Cereal-based,18,,0.98,6.2,1000,,,0.144688944,Model-derived growth 關 using Ellouze et al. matrix b-values and T_min from BHI table.,model-derived (Ratkowsky; Ellouze 2020),,0.72,web.run -> PMC (Ellouze et al. 2020),2025-09-07
Ellouze2020_tables (model-derived),https://www.ncbi.nlm.nih.gov/pmc/articles/PMC7925994/ (Ellouze et al. 2020),Cereal-based,20,,0.98,6.2,1000,,,0.208282704,Model-derived growth 關 using Ellouze et al. matrix b-values and T_min from BHI table.,model-derived (Ratkowsky; Ellouze 2020),,0.72,web.run -> PMC (Ellouze et al. 2020),2025-09-07
Ellouze2020_tables (model-derived),https://www.ncbi.nlm.nih.gov/pmc/articles/PMC7925994/ (Ellouze et al. 2020),Cereal-based,22,,0.98,6.2,1000,,,0.283428464,Model-derived growth 關 using Ellouze et al. matrix b-values and T_min from BHI table.,model-derived (Ratkowsky; Ellouze 2020),,0.72,web.run -> PMC (Ellouze et al. 2020),2025-09-07
Ellouze2020_tables (model-derived),https://www.ncbi.nlm.nih.gov/pmc/articles/PMC7925994/ (Ellouze et al. 2020),Cereal-based,24,,0.98,6.2,1000,,,0.370126224,Model-derived growth 關 using Ellouze et al. matrix b-values and T_min from BHI table.,model-derived (Ratkowsky; Ellouze 2020),,0.72,web.run -> PMC (Ellouze et al. 2020),2025-09-07
Ellouze2020_tables (model-derived),https://www.ncbi.nlm.nih.gov/pmc/articles/PMC7925994/ (Ellouze et al. 2020),Cereal-based,26,,0.98,6.2,1000,,,0.468375984,Model-derived growth 關 using Ellouze et al. matrix b-values and T_min from BHI table.,model-derived (Ratkowsky; Ellouze 2020),,0.72,web.run -> PMC (Ellouze et al. 2020),2025-09-07
Ellouze2020_tables (model-derived),https://www.ncbi.nlm.nih.gov/pmc/articles/PMC7925994/ (Ellouze et al. 2020),Cereal-based,28,,0.98,6.2,1000,,,0.578177744,Model-derived growth 關 using Ellouze et al. matrix b-values and T_min from BHI table.,model-derived (Ratkowsky; Ellouze 2020),,0.72,web.run -> PMC (Ellouze et al. 2020),2025-09-07
Ellouze2020_tables (model-derived),https://www.ncbi.nlm.nih.gov/pmc/articles/PMC7925994/ (Ellouze et al. 2020),Cereal-based,30,,0.98,6.2,1000,,,0.699531504,Model-derived growth 關 using Ellouze et al. matrix b-values and T_min from BHI table.,model-derived (Ratkowsky; Ellouze 2020),,0.72,web.run -> PMC (Ellouze et al. 2020),2025-09-07
Ellouze2020_tables (model-derived),https://www.ncbi.nlm.nih.gov/pmc/articles/PMC7925994/ (Ellouze et al. 2020),Cereal-based,32,,0.98,6.2,1000,,,0.832437264,Model-derived growth 關 using Ellouze et al. matrix b-values and T_min from BHI table.,model-derived (Ratkowsky; Ellouze 2020),,0.72,web.run -> PMC (Ellouze et al. 2020),2025-09-07
Ellouze2020_tables (model-derived),https://www.ncbi.nlm.nih.gov/pmc/articles/PMC7925994/ (Ellouze et al. 2020),Cereal-based,34,,0.98,6.2,1000,,,0.976895024,Model-derived growth 關 using Ellouze et al. matrix b-values and T_min from BHI table.,model-derived (Ratkowsky; Ellouze 2020),,0.72,web.run -> PMC (Ellouze et al. 2020),2025-09-07
Ellouze2020_tables (model-derived),https://www.ncbi.nlm.nih.gov/pmc/articles/PMC7925994/ (Ellouze et al. 2020),Cereal-based,36,,0.98,6.2,1000,,,1.132904784,Model-derived growth 關 using Ellouze et al. matrix b-values and T_min from BHI table.,model-derived (Ratkowsky; Ellouze 2020),,0.72,web.run -> PMC (Ellouze et al. 2020),2025-09-07
Ellouze2020_tables (model-derived),https://www.ncbi.nlm.nih.gov/pmc/articles/PMC7925994/ (Ellouze et al. 2020),Cereal-based,38,,0.98,6.2,1000,,,1.300466544,Model-derived growth 關 using Ellouze et al. matrix b-values and T_min from BHI table.,model-derived (Ratkowsky; Ellouze 2020),,0.72,web.run -> PMC (Ellouze et al. 2020),2025-09-07
Ellouze2020_tables (model-derived),https://www.ncbi.nlm.nih.gov/pmc/articles/PMC7925994/ (Ellouze et al. 2020),Cereal-based,40,,0.98,6.2,1000,,,1.479580304,Model-derived growth 關 using Ellouze et al. matrix b-values and T_min from BHI table.,model-derived (Ratkowsky; Ellouze 2020),,0.72,web.run -> PMC (Ellouze et al. 2020),2025-09-07
Ellouze2020_tables (model-derived),https://www.ncbi.nlm.nih.gov/pmc/articles/PMC7925994/ (Ellouze et al. 2020),Dairy-based,10,,0.99,6.2,1000,,,0.01092443,Model-derived growth 關 using Ellouze et al. matrix b-values and T_min from BHI table.,model-derived (Ratkowsky; Ellouze 2020),,0.72,web.run -> PMC (Ellouze et al. 2020),2025-09-07
Ellouze2020_tables (model-derived),https://www.ncbi.nlm.nih.gov/pmc/articles/PMC7925994/ (Ellouze et al. 2020),Dairy-based,12,,0.99,6.2,1000,,,0.04348059,Model-derived growth 關 using Ellouze et al. matrix b-values and T_min from BHI table.,model-derived (Ratkowsky; Ellouze 2020),,0.72,web.run -> PMC (Ellouze et al. 2020),2025-09-07
Ellouze2020_tables (model-derived),https://www.ncbi.nlm.nih.gov/pmc/articles/PMC7925994/ (Ellouze et al. 2020),Dairy-based,14,,0.99,6.2,1000,,,0.09766875,Model-derived growth 關 using Ellouze et al. matrix b-values and T_min from BHI table.,model-derived (Ratkowsky; Ellouze 2020),,0.72,web.run -> PMC (Ellouze et al. 2020),2025-09-07
Ellouze2020_tables (model-derived),https://www.ncbi.nlm.nih.gov/pmc/articles/PMC7925994/ (Ellouze et al. 2020),Dairy-based,16,,0.99,6.2,1000,,,0.17348891,Model-derived growth 關 using Ellouze et al. matrix b-values and T_min from BHI table.,model-derived (Ratkowsky; Ellouze 2020),,0.72,web.run -> PMC (Ellouze et al. 2020),2025-09-07
Ellouze2020_tables (model-derived),https://www.ncbi.nlm.nih.gov/pmc/articles/PMC7925994/ (Ellouze et al. 2020),Dairy-based,18,,0.99,6.2,1000,,,0.27094107,Model-derived growth 關 using Ellouze et al. matrix b-values and T_min from BHI table.,model-derived (Ratkowsky; Ellouze 2020),,0.72,web.run -> PMC (Ellouze et al. 2020),2025-09-07
Ellouze2020_tables (model-derived),https://www.ncbi.nlm.nih.gov/pmc/articles/PMC7925994/ (Ellouze et al. 2020),Dairy-based,20,,0.99,6.2,1000,,,0.39002523,Model-derived growth 關 using Ellouze et al. matrix b-values and T_min from BHI table.,model-derived (Ratkowsky; Ellouze 2020),,0.72,web.run -> PMC (Ellouze et al. 2020),2025-09-07
Ellouze2020_tables (model-derived),https://www.ncbi.nlm.nih.gov/pmc/articles/PMC7925994/ (Ellouze et al. 2020),Dairy-based,22,,0.99,6.2,1000,,,0.53074139,Model-derived growth 關 using Ellouze et al. matrix b-values and T_min from BHI table.,model-derived (Ratkowsky; Ellouze 2020),,0.72,web.run -> PMC (Ellouze et al. 2020),2025-09-07
Ellouze2020_tables (model-derived),https://www.ncbi.nlm.nih.gov/pmc/articles/PMC7925994/ (Ellouze et al. 2020),Dairy-based,24,,0.99,6.2,1000,,,0.69308955,Model-derived growth 關 using Ellouze et al. matrix b-values and T_min from BHI table.,model-derived (Ratkowsky; Ellouze 2020),,0.72,web.run -> PMC (Ellouze et al. 2020),2025-09-07
Ellouze2020_tables (model-derived),https://www.ncbi.nlm.nih.gov/pmc/articles/PMC7925994/ (Ellouze et al. 2020),Dairy-based,26,,0.99,6.2,1000,,,0.87706971,Model-derived growth 關 using Ellouze et al. matrix b-values and T_min from BHI table.,model-derived (Ratkowsky; Ellouze 2020),,0.72,web.run -> PMC (Ellouze et al. 2020),2025-09-07
Ellouze2020_tables (model-derived),https://www.ncbi.nlm.nih.gov/pmc/articles/PMC7925994/ (Ellouze et al. 2020),Dairy-based,28,,0.99,6.2,1000,,,1.08268187,Model-derived growth 關 using Ellouze et al. matrix b-values and T_min from BHI table.,model-derived (Ratkowsky; Ellouze 2020),,0.72,web.run -> PMC (Ellouze et al. 2020),2025-09-07
Ellouze2020_tables (model-derived),https://www.ncbi.nlm.nih.gov/pmc/articles/PMC7925994/ (Ellouze et al. 2020),Dairy-based,30,,0.99,6.2,1000,,,1.30992603,Model-derived growth 關 using Ellouze et al. matrix b-values and T_min from BHI table.,model-derived (Ratkowsky; Ellouze 2020),,0.72,web.run -> PMC (Ellouze et al. 2020),2025-09-07
Ellouze2020_tables (model-derived),https://www.ncbi.nlm.nih.gov/pmc/articles/PMC7925994/ (Ellouze et al. 2020),Dairy-based,32,,0.99,6.2,1000,,,1.55880219,Model-derived growth 關 using Ellouze et al. matrix b-values and T_min from BHI table.,model-derived (Ratkowsky; Ellouze 2020),,0.72,web.run -> PMC (Ellouze et al. 2020),2025-09-07
Ellouze2020_tables (model-derived),https://www.ncbi.nlm.nih.gov/pmc/articles/PMC7925994/ (Ellouze et al. 2020),Dairy-based,34,,0.99,6.2,1000,,,1.82931035,Model-derived growth 關 using Ellouze et al. matrix b-values and T_min from BHI table.,model-derived (Ratkowsky; Ellouze 2020),,0.72,web.run -> PMC (Ellouze et al. 2020),2025-09-07
Ellouze2020_tables (model-derived),https://www.ncbi.nlm.nih.gov/pmc/articles/PMC7925994/ (Ellouze et al. 2020),Dairy-based,36,,0.99,6.2,1000,,,2.12145051,Model-derived growth 關 using Ellouze et al. matrix b-values and T_min from BHI table.,model-derived (Ratkowsky; Ellouze 2020),,0.72,web.run -> PMC (Ellouze et al. 2020),2025-09-07
Ellouze2020_tables (model-derived),https://www.ncbi.nlm.nih.gov/pmc/articles/PMC7925994/ (Ellouze et al. 2020),Dairy-based,38,,0.99,6.2,1000,,,2.43522267,Model-derived growth 關 using Ellouze et al. matrix b-values and T_min from BHI table.,model-derived (Ratkowsky; Ellouze 2020),,0.72,web.run -> PMC (Ellouze et al. 2020),2025-09-07
Ellouze2020_tables (model-derived),https://www.ncbi.nlm.nih.gov/pmc/articles/PMC7925994/ (Ellouze et al. 2020),Dairy-based,40,,0.99,6.2,1000,,,2.77062683,Model-derived growth 關 using Ellouze et al. matrix b-values and T_min from BHI table.,model-derived (Ratkowsky; Ellouze 2020),,0.72,web.run -> PMC (Ellouze et al. 2020),2025-09-07
Ellouze2020_tables (model-derived),https://www.ncbi.nlm.nih.gov/pmc/articles/PMC7925994/ (Ellouze et al. 2020),Meat-based,10,,0.99,6.2,1000,,,0.00930839,Model-derived growth 關 using Ellouze et al. matrix b-values and T_min from BHI table.,model-derived (Ratkowsky; Ellouze 2020),,0.72,web.run -> PMC (Ellouze et al. 2020),2025-09-07
Ellouze2020_tables (model-derived),https://www.ncbi.nlm.nih.gov/pmc/articles/PMC7925994/ (Ellouze et al. 2020),Meat-based,12,,0.99,6.2,1000,,,0.03704855,Model-derived growth 關 using Ellouze et al. matrix b-values and T_min from BHI table.,model-derived (Ratkowsky; Ellouze 2020),,0.72,web.run -> PMC (Ellouze et al. 2020),2025-09-07
Ellouze2020_tables (model-derived),https://www.ncbi.nlm.nih.gov/pmc/articles/PMC7925994/ (Ellouze et al. 2020),Meat-based,14,,0.99,6.2,1000,,,0.08322071,Model-derived growth 關 using Ellouze et al. matrix b-values and T_min from BHI table.,model-derived (Ratkowsky; Ellouze 2020),,0.72,web.run -> PMC (Ellouze et al. 2020),2025-09-07
Ellouze2020_tables (model-derived),https://www.ncbi.nlm.nih.gov/pmc/articles/PMC7925994/ (Ellouze et al. 2020),Meat-based,16,,0.99,6.2,1000,,,0.14782487,Model-derived growth 關 using Ellouze et al. matrix b-values and T_min from BHI table.,model-derived (Ratkowsky; Ellouze 2020),,0.72,web.run -> PMC (Ellouze et al. 2020),2025-09-07
Ellouze2020_tables (model-derived),https://www.ncbi.nlm.nih.gov/pmc/articles/PMC7925994/ (Ellouze et al. 2020),Meat-based,18,,0.99,6.2,1000,,,0.23086103,Model-derived growth 關 using Ellouze et al. matrix b-values and T_min from BHI table.,model-derived (Ratkowsky; Ellouze 2020),,0.72,web.run -> PMC (Ellouze et al. 2020),2025-09-07
Ellouze2020_tables (model-derived),https://www.ncbi.nlm.nih.gov/pmc/articles/PMC7925994/ (Ellouze et al. 2020),Meat-based,20,,0.99,6.2,1000,,,0.33232919,Model-derived growth 關 using Ellouze et al. matrix b-values and T_min from BHI table.,model-derived (Ratkowsky; Ellouze 2020),,0.72,web.run -> PMC (Ellouze et al. 2020),2025-09-07
Ellouze2020_tables (model-derived),https://www.ncbi.nlm.nih.gov/pmc/articles/PMC7925994/ (Ellouze et al. 2020),Meat-based,22,,0.99,6.2,1000,,,0.45222935,Model-derived growth 關 using Ellouze et al. matrix b-values and T_min from BHI table.,model-derived (Ratkowsky; Ellouze 2020),,0.72,web.run -> PMC (Ellouze et al. 2020),2025-09-07
Ellouze2020_tables (model-derived),https://www.ncbi.nlm.nih.gov/pmc/articles/PMC7925994/ (Ellouze et al. 2020),Meat-based,24,,0.99,6.2,1000,,,0.59056151,Model-derived growth 關 using Ellouze et al. matrix b-values and T_min from BHI table.,model-derived (Ratkowsky; Ellouze 2020),,0.72,web.run -> PMC (Ellouze et al. 2020),2025-09-07
Ellouze2020_tables (model-derived),https://www.ncbi.nlm.nih.gov/pmc/articles/PMC7925994/ (Ellouze et al. 2020),Meat-based,26,,0.99,6.2,1000,,,0.74732567,Model-derived growth 關 using Ellouze et al. matrix b-values and T_min from BHI table.,model-derived (Ratkowsky; Ellouze 2020),,0.72,web.run -> PMC (Ellouze et al. 2020),2025-09-07
Ellouze2020_tables (model-derived),https://www.ncbi.nlm.nih.gov/pmc/articles/PMC7925994/ (Ellouze et al. 2020),Meat-based,28,,0.99,6.2,1000,,,0.92252183,Model-derived growth 關 using Ellouze et al. matrix b-values and T_min from BHI table.,model-derived (Ratkowsky; Ellouze 2020),,0.72,web.run -> PMC (Ellouze et al. 2020),2025-09-07
Ellouze2020_tables (model-derived),https://www.ncbi.nlm.nih.gov/pmc/articles/PMC7925994/ (Ellouze et al. 2020),Meat-based,30,,0.99,6.2,1000,,,1.11614999,Model-derived growth 關 using Ellouze et al. matrix b-values and T_min from BHI table.,model-derived (Ratkowsky; Ellouze 2020),,0.72,web.run -> PMC (Ellouze et al. 2020),2025-09-07
Ellouze2020_tables (model-derived),https://www.ncbi.nlm.nih.gov/pmc/articles/PMC7925994/ (Ellouze et al. 2020),Meat-based,32,,0.99,6.2,1000,,,1.32821015,Model-derived growth 關 using Ellouze et al. matrix b-values and T_min from BHI table.,model-derived (Ratkowsky; Ellouze 2020),,0.72,web.run -> PMC (Ellouze et al. 2020),2025-09-07
Ellouze2020_tables (model-derived),https://www.ncbi.nlm.nih.gov/pmc/articles/PMC7925994/ (Ellouze et al. 2020),Meat-based,34,,0.99,6.2,1000,,,1.55870231,Model-derived growth 關 using Ellouze et al. matrix b-values and T_min from BHI table.,model-derived (Ratkowsky; Ellouze 2020),,0.72,web.run -> PMC (Ellouze et al. 2020),2025-09-07
Ellouze2020_tables (model-derived),https://www.ncbi.nlm.nih.gov/pmc/articles/PMC7925994/ (Ellouze et al. 2020),Meat-based,36,,0.99,6.2,1000,,,1.80762647,Model-derived growth 關 using Ellouze et al. matrix b-values and T_min from BHI table.,model-derived (Ratkowsky; Ellouze 2020),,0.72,web.run -> PMC (Ellouze et al. 2020),2025-09-07
Ellouze2020_tables (model-derived),https://www.ncbi.nlm.nih.gov/pmc/articles/PMC7925994/ (Ellouze et al. 2020),Meat-based,38,,0.99,6.2,1000,,,2.07498263,Model-derived growth 關 using Ellouze et al. matrix b-values and T_min from BHI table.,model-derived (Ratkowsky; Ellouze 2020),,0.72,web.run -> PMC (Ellouze et al. 2020),2025-09-07
Ellouze2020_tables (model-derived),https://www.ncbi.nlm.nih.gov/pmc/articles/PMC7925994/ (Ellouze et al. 2020),Meat-based,40,,0.99,6.2,1000,,,2.36077079,Model-derived growth 關 using Ellouze et al. matrix b-values and T_min from BHI table.,model-derived (Ratkowsky; Ellouze 2020),,0.72,web.run -> PMC (Ellouze et al. 2020),2025-09-07
Ellouze2020_tables (model-derived),https://www.ncbi.nlm.nih.gov/pmc/articles/PMC7925994/ (Ellouze et al. 2020),Vegetable-based,10,,0.99,6.2,1000,,,0.00930839,Model-derived growth 關 using Ellouze et al. matrix b-values and T_min from BHI table.,model-derived (Ratkowsky; Ellouze 2020),,0.72,web.run -> PMC (Ellouze et al. 2020),2025-09-07
Ellouze2020_tables (model-derived),https://www.ncbi.nlm.nih.gov/pmc/articles/PMC7925994/ (Ellouze et al. 2020),Vegetable-based,12,,0.99,6.2,1000,,,0.03704855,Model-derived growth 關 using Ellouze et al. matrix b-values and T_min from BHI table.,model-derived (Ratkowsky; Ellouze 2020),,0.72,web.run -> PMC (Ellouze et al. 2020),2025-09-07
Ellouze2020_tables (model-derived),https://www.ncbi.nlm.nih.gov/pmc/articles/PMC7925994/ (Ellouze et al. 2020),Vegetable-based,14,,0.99,6.2,1000,,,0.08322071,Model-derived growth 關 using Ellouze et al. matrix b-values and T_min from BHI table.,model-derived (Ratkowsky; Ellouze 2020),,0.72,web.run -> PMC (Ellouze et al. 2020),2025-09-07
Ellouze2020_tables (model-derived),https://www.ncbi.nlm.nih.gov/pmc/articles/PMC7925994/ (Ellouze et al. 2020),Vegetable-based,16,,0.99,6.2,1000,,,0.14782487,Model-derived growth 關 using Ellouze et al. matrix b-values and T_min from BHI table.,model-derived (Ratkowsky; Ellouze 2020),,0.72,web.run -> PMC (Ellouze et al. 2020),2025-09-07
Ellouze2020_tables (model-derived),https://www.ncbi.nlm.nih.gov/pmc/articles/PMC7925994/ (Ellouze et al. 2020),Vegetable-based,18,,0.99,6.2,1000,,,0.23086103,Model-derived growth 關 using Ellouze et al. matrix b-values and T_min from BHI table.,model-derived (Ratkowsky; Ellouze 2020),,0.72,web.run -> PMC (Ellouze et al. 2020),2025-09-07
Ellouze2020_tables (model-derived),https://www.ncbi.nlm.nih.gov/pmc/articles/PMC7925994/ (Ellouze et al. 2020),Vegetable-based,20,,0.99,6.2,1000,,,0.33232919,Model-derived growth 關 using Ellouze et al. matrix b-values and T_min from BHI table.,model-derived (Ratkowsky; Ellouze 2020),,0.72,web.run -> PMC (Ellouze et al. 2020),2025-09-07
Ellouze2020_tables (model-derived),https://www.ncbi.nlm.nih.gov/pmc/articles/PMC7925994/ (Ellouze et al. 2020),Vegetable-based,22,,0.99,6.2,1000,,,0.45222935,Model-derived growth 關 using Ellouze et al. matrix b-values and T_min from BHI table.,model-derived (Ratkowsky; Ellouze 2020),,0.72,web.run -> PMC (Ellouze et al. 2020),2025-09-07
Ellouze2020_tables (model-derived),https://www.ncbi.nlm.nih.gov/pmc/articles/PMC7925994/ (Ellouze et al. 2020),Vegetable-based,24,,0.99,6.2,1000,,,0.59056151,Model-derived growth 關 using Ellouze et al. matrix b-values and T_min from BHI table.,model-derived (Ratkowsky; Ellouze 2020),,0.72,web.run -> PMC (Ellouze et al. 2020),2025-09-07
Ellouze2020_tables (model-derived),https://www.ncbi.nlm.nih.gov/pmc/articles/PMC7925994/ (Ellouze et al. 2020),Vegetable-based,26,,0.99,6.2,1000,,,0.74732567,Model-derived growth 關 using Ellouze et al. matrix b-values and T_min from BHI table.,model-derived (Ratkowsky; Ellouze 2020),,0.72,web.run -> PMC (Ellouze et al. 2020),2025-09-07
Ellouze2020_tables (model-derived),https://www.ncbi.nlm.nih.gov/pmc/articles/PMC7925994/ (Ellouze et al. 2020),Vegetable-based,28,,0.99,6.2,1000,,,0.92252183,Model-derived growth 關 using Ellouze et al. matrix b-values and T_min from BHI table.,model-derived (Ratkowsky; Ellouze 2020),,0.72,web.run -> PMC (Ellouze et al. 2020),2025-09-07
Ellouze2020_tables (model-derived),https://www.ncbi.nlm.nih.gov/pmc/articles/PMC7925994/ (Ellouze et al. 2020),Vegetable-based,30,,0.99,6.2,1000,,,1.11614999,Model-derived growth 關 using Ellouze et al. matrix b-values and T_min from BHI table.,model-derived (Ratkowsky; Ellouze 2020),,0.72,web.run -> PMC (Ellouze et al. 2020),2025-09-07
Ellouze2020_tables (model-derived),https://www.ncbi.nlm.nih.gov/pmc/articles/PMC7925994/ (Ellouze et al. 2020),Vegetable-based,32,,0.99,6.2,1000,,,1.32821015,Model-derived growth 關 using Ellouze et al. matrix b-values and T_min from BHI table.,model-derived (Ratkowsky; Ellouze 2020),,0.72,web.run -> PMC (Ellouze et al. 2020),2025-09-07
Ellouze2020_tables (model-derived),https://www.ncbi.nlm.nih.gov/pmc/articles/PMC7925994/ (Ellouze et al. 2020),Vegetable-based,34,,0.99,6.2,1000,,,1.55870231,Model-derived growth 關 using Ellouze et al. matrix b-values and T_min from BHI table.,model-derived (Ratkowsky; Ellouze 2020),,0.72,web.run -> PMC (Ellouze et al. 2020),2025-09-07
Ellouze2020_tables (model-derived),https://www.ncbi.nlm.nih.gov/pmc/articles/PMC7925994/ (Ellouze et al. 2020),Vegetable-based,36,,0.99,6.2,1000,,,1.80762647,Model-derived growth 關 using Ellouze et al. matrix b-values and T_min from BHI table.,model-derived (Ratkowsky; Ellouze 2020),,0.72,web.run -> PMC (Ellouze et al. 2020),2025-09-07
Ellouze2020_tables (model-derived),https://www.ncbi.nlm.nih.gov/pmc/articles/PMC7925994/ (Ellouze et al. 2020),Vegetable-based,38,,0.99,6.2,1000,,,2.07498263,Model-derived growth 關 using Ellouze et al. matrix b-values and T_min from BHI table.,model-derived (Ratkowsky; Ellouze 2020),,0.72,web.run -> PMC (Ellouze et al. 2020),2025-09-07
Ellouze2020_tables (model-derived),https://www.ncbi.nlm.nih.gov/pmc/articles/PMC7925994/ (Ellouze et al. 2020),Vegetable-based,40,,0.99,6.2,1000,,,2.36077079,Model-derived growth 關 using Ellouze et al. matrix b-values and T_min from BHI table.,model-derived (Ratkowsky; Ellouze 2020),,0.72,web.run -> PMC (Ellouze et al. 2020),2025-09-07
Navaneethan2023_Table3 (direct),"https://www.ncbi.nlm.nih.gov/pmc/articles/PMC9914848/ (Navaneethan et al., Foods 2023, doi:10.3390/foods12030626)",cooked rice,30,,0.99,6.2,10000,25703.95783,,0.19,Directly reported SGR for strain DSMZ 4312 from Table 3.,plate counts; specific growth rate calculated as in paper,3,0.95,web.run -> PMC (Navaneethan et al. 2023),2025-09-07
Navaneethan2023_Table3 (direct),"https://www.ncbi.nlm.nih.gov/pmc/articles/PMC9914848/ (Navaneethan et al., Foods 2023, doi:10.3390/foods12030626)",cooked rice,25,,0.99,6.2,10000,,,0.15,Directly reported SGR for strain USMBC 02 from Table 3.,plate counts; specific growth rate calculated as in paper,3,0.95,web.run -> PMC (Navaneethan et al. 2023),2025-09-07
Navaneethan2023_Table3 (direct),"https://www.ncbi.nlm.nih.gov/pmc/articles/PMC9914848/ (Navaneethan et al., Foods 2023, doi:10.3390/foods12030626)",cooked rice,30,,0.99,6.2,10000,165958.6907,,0.55,Directly reported SGR for strain USMBC 02 from Table 3.,plate counts; specific growth rate calculated as in paper,3,0.95,web.run -> PMC (Navaneethan et al. 2023),2025-09-07
Navaneethan2023_Table3 (direct),"https://www.ncbi.nlm.nih.gov/pmc/articles/PMC9914848/ (Navaneethan et al., Foods 2023, doi:10.3390/foods12030626)",cooked rice,25,,0.99,6.2,10000,,,0.11,Directly reported SGR for strain USMBC 04 from Table 3.,plate counts; specific growth rate calculated as in paper,3,0.95,web.run -> PMC (Navaneethan et al. 2023),2025-09-07
Navaneethan2023_Table3 (direct),"https://www.ncbi.nlm.nih.gov/pmc/articles/PMC9914848/ (Navaneethan et al., Foods 2023, doi:10.3390/foods12030626)",cooked rice,30,,0.99,6.2,10000,,,0.6,Directly reported SGR for strain USMBC 04 from Table 3.,plate counts; specific growth rate calculated as in paper,3,0.95,web.run -> PMC (Navaneethan et al. 2023),2025-09-07
EffectTemp_pH_aw_Table1 (direct),https://www.ncbi.nlm.nih.gov/pmc/articles/PMC10818934/ (Effect of Temp/pH/aw paper),BHI broth (lab culture),15,,0.97,8,100,7079457.844,,,Reported Ymax (log10 CFU/mL) from Gompertz fit in Table 1.,plate counts; Gompertz fitted Ymax,3,0.9,web.run -> PMC (Effect of Temp/pH/aw),2025-09-07
EffectTemp_pH_aw_Table1 (direct),https://www.ncbi.nlm.nih.gov/pmc/articles/PMC10818934/ (Effect of Temp/pH/aw paper),BHI broth (lab culture),15,,0.996,6.5,100,19952623.15,,,Reported Ymax (log10 CFU/mL) from Gompertz fit in Table 1.,plate counts; Gompertz fitted Ymax,3,0.9,web.run -> PMC (Effect of Temp/pH/aw),2025-09-07
EffectTemp_pH_aw_Table1 (direct),https://www.ncbi.nlm.nih.gov/pmc/articles/PMC10818934/ (Effect of Temp/pH/aw paper),BHI broth (lab culture),30,,0.996,8,100,141253754.5,,,Reported Ymax (log10 CFU/mL) from Gompertz fit in Table 1.,plate counts; Gompertz fitted Ymax,3,0.9,web.run -> PMC (Effect of Temp/pH/aw),2025-09-07
EffectTemp_pH_aw_Table1 (direct),https://www.ncbi.nlm.nih.gov/pmc/articles/PMC10818934/ (Effect of Temp/pH/aw paper),BHI broth (lab culture),30,,0.996,5,100,57543993.73,,,Reported Ymax (log10 CFU/mL) from Gompertz fit in Table 1.,plate counts; Gompertz fitted Ymax,3,0.9,web.run -> PMC (Effect of Temp/pH/aw),2025-09-07
EffectTemp_pH_aw_Table1 (direct),https://www.ncbi.nlm.nih.gov/pmc/articles/PMC10818934/ (Effect of Temp/pH/aw paper),BHI broth (lab culture),30,,0.97,6.5,100,12589254.12,,,Reported Ymax (log10 CFU/mL) from Gompertz fit in Table 1.,plate counts; Gompertz fitted Ymax,3,0.9,web.run -> PMC (Effect of Temp/pH/aw),2025-09-07
EffectTemp_pH_aw_Table1 (direct),https://www.ncbi.nlm.nih.gov/pmc/articles/PMC10818934/ (Effect of Temp/pH/aw paper),BHI broth (lab culture),30,,0.945,8,100,10471285.48,,,Reported Ymax (log10 CFU/mL) from Gompertz fit in Table 1.,plate counts; Gompertz fitted Ymax,3,0.9,web.run -> PMC (Effect of Temp/pH/aw),2025-09-07
EffectTemp_pH_aw_Table1 (direct),https://www.ncbi.nlm.nih.gov/pmc/articles/PMC10818934/ (Effect of Temp/pH/aw paper),BHI broth (lab culture),45,,0.996,6.5,100,14454397.71,,,Reported Ymax (log10 CFU/mL) from Gompertz fit in Table 1.,plate counts; Gompertz fitted Ymax,3,0.9,web.run -> PMC (Effect of Temp/pH/aw),2025-09-07
EffectTemp_pH_aw_Table1 (direct),https://www.ncbi.nlm.nih.gov/pmc/articles/PMC10818934/ (Effect of Temp/pH/aw paper),BHI broth (lab culture),45,,0.97,8,100,11220184.54,,,Reported Ymax (log10 CFU/mL) from Gompertz fit in Table 1.,plate counts; Gompertz fitted Ymax,3,0.9,web.run -> PMC (Effect of Temp/pH/aw),2025-09-07
